-- MySQL dump 10.13  Distrib 8.0.31, for Linux (x86_64)
--
-- Host: localhost    Database: Divar_Shop
-- ------------------------------------------------------
-- Server version	8.0.31-0ubuntu0.20.04.1

/*!40101 SET @OLD_CHARACTER_SET_CLIENT=@@CHARACTER_SET_CLIENT */;
/*!40101 SET @OLD_CHARACTER_SET_RESULTS=@@CHARACTER_SET_RESULTS */;
/*!40101 SET @OLD_COLLATION_CONNECTION=@@COLLATION_CONNECTION */;
/*!50503 SET NAMES utf8mb4 */;
/*!40103 SET @OLD_TIME_ZONE=@@TIME_ZONE */;
/*!40103 SET TIME_ZONE='+00:00' */;
/*!40014 SET @OLD_UNIQUE_CHECKS=@@UNIQUE_CHECKS, UNIQUE_CHECKS=0 */;
/*!40014 SET @OLD_FOREIGN_KEY_CHECKS=@@FOREIGN_KEY_CHECKS, FOREIGN_KEY_CHECKS=0 */;
/*!40101 SET @OLD_SQL_MODE=@@SQL_MODE, SQL_MODE='NO_AUTO_VALUE_ON_ZERO' */;
/*!40111 SET @OLD_SQL_NOTES=@@SQL_NOTES, SQL_NOTES=0 */;

--
-- Table structure for table `Category`
--

DROP TABLE IF EXISTS `Category`;
/*!40101 SET @saved_cs_client     = @@character_set_client */;
/*!50503 SET character_set_client = utf8mb4 */;
CREATE TABLE `Category` (
  `id` int NOT NULL AUTO_INCREMENT,
  `name` varchar(100) NOT NULL,
  `icon` varchar(1000) NOT NULL,
  `link` varchar(1000) NOT NULL,
  `parent` int NOT NULL DEFAULT '0',
  PRIMARY KEY (`id`)
) ENGINE=InnoDB AUTO_INCREMENT=25 DEFAULT CHARSET=utf8mb4 COLLATE=utf8mb4_0900_ai_ci;
/*!40101 SET character_set_client = @saved_cs_client */;

--
-- Dumping data for table `Category`
--

LOCK TABLES `Category` WRITE;
/*!40000 ALTER TABLE `Category` DISABLE KEYS */;
INSERT INTO `Category` VALUES (1,' کامپیوتر و لوازم جانبی','fa-duotone fa-house-chimney','/prod?id=1',0),(2,'تجهیزات شبکه','fa-duotone fa-house-chimney','/prod?id=2',0),(3,'الکترونیکی و ماشین های اداری','fa-duotone fa-house-chimney','/prod?id=3',0),(4,'اثاثه و ملزومات','fa-duotone fa-house-chimney','/prod?id=4',0),(5,'روتر','fa-duotone fa-house-chimney','/prod?id=5',2),(6,'رک','','',2),(7,'هدست','','',1),(8,'لپ تاپ','','',1),(9,'کیس','','',1),(10,'یخچال','','',3),(11,'شربت سرد کن','','',3),(12,'کتری برقی','','',3),(13,'تلفن','','',3),(14,'پرینتر','','',3),(15,'میز','','',4),(16,'صندلی','','',4),(17,'چوب لباسی','','',4),(18,'چادر چتری','','',4),(19,'قالیچه','','',4),(20,'گاوصندوق','','',4),(21,'وایت برد','','',4),(22,'مبل','','',4),(23,'کمد','','',4),(24,'شلف','','',4);
/*!40000 ALTER TABLE `Category` ENABLE KEYS */;
UNLOCK TABLES;

--
-- Table structure for table `Logs`
--

DROP TABLE IF EXISTS `Logs`;
/*!40101 SET @saved_cs_client     = @@character_set_client */;
/*!50503 SET character_set_client = utf8mb4 */;
CREATE TABLE `Logs` (
  `id` int NOT NULL AUTO_INCREMENT,
  `EventName` varchar(1000) NOT NULL,
  `User` varchar(100) NOT NULL,
  `Description` varchar(10000) NOT NULL,
  `Date` varchar(1000) NOT NULL,
  PRIMARY KEY (`id`)
) ENGINE=InnoDB DEFAULT CHARSET=utf8mb4 COLLATE=utf8mb4_0900_ai_ci;
/*!40101 SET character_set_client = @saved_cs_client */;

--
-- Dumping data for table `Logs`
--

LOCK TABLES `Logs` WRITE;
/*!40000 ALTER TABLE `Logs` DISABLE KEYS */;
/*!40000 ALTER TABLE `Logs` ENABLE KEYS */;
UNLOCK TABLES;

--
-- Table structure for table `Products`
--

DROP TABLE IF EXISTS `Products`;
/*!40101 SET @saved_cs_client     = @@character_set_client */;
/*!50503 SET character_set_client = utf8mb4 */;
CREATE TABLE `Products` (
  `id` int NOT NULL AUTO_INCREMENT,
  `category_id` int NOT NULL,
  `title` varchar(50) NOT NULL,
  `description` varchar(1000) NOT NULL,
  `price` int NOT NULL,
  `date` varchar(100) NOT NULL,
  `imgs` varchar(1000) NOT NULL DEFAULT '[]',
  `options` varchar(1000) NOT NULL DEFAULT '{}',
  `active` tinyint(1) NOT NULL DEFAULT '1',
  `code` int NOT NULL,
  `registrations` varchar(10000) NOT NULL DEFAULT '[]',
  PRIMARY KEY (`id`)
) ENGINE=InnoDB AUTO_INCREMENT=277 DEFAULT CHARSET=utf8mb4 COLLATE=utf8mb4_0900_ai_ci;
/*!40101 SET character_set_client = @saved_cs_client */;

--
-- Dumping data for table `Products`
--

LOCK TABLES `Products` WRITE;
/*!40000 ALTER TABLE `Products` DISABLE KEYS */;
INSERT INTO `Products` VALUES (52,16,'صندلی غذا خوری','سالم',2600000,'1673343072305','[\"https://shop-cdn.agahpardazan.ir/upload/3346686144058.jpg\",\"https://shop-cdn.agahpardazan.ir/upload/3346686144394.jpg\",\"https://shop-cdn.agahpardazan.ir/upload/3346686144450.jpg\",\"https://shop-cdn.agahpardazan.ir/upload/3346686144670.jpg\",\"https://shop-cdn.agahpardazan.ir/upload/3346686144976.jpg\"]','[{\"key\":\"وضعیت\",\"value\":\"کار کرده\"},{\"key\":\"رنگ\",\"value\":\"زرد\"},{\"key\":\"پایه\",\"value\":\"چوبی\"},{\"key\":\"نشیمن\",\"value\":\"طرح چرمی\"}]',1,5710,'[]'),(53,16,'صندلی غذا خوری','سالم',2600000,'1673343602224','[\"https://shop-cdn.agahpardazan.ir/upload/3346687203832.jpg\",\"https://shop-cdn.agahpardazan.ir/upload/3346687204094.jpg\",\"https://shop-cdn.agahpardazan.ir/upload/3346687204404.jpg\",\"https://shop-cdn.agahpardazan.ir/upload/3346687204604.jpg\",\"https://shop-cdn.agahpardazan.ir/upload/3346687204842.jpg\"]','[{\"key\":\"وضعیت\",\"value\":\"کار کرده\"},{\"key\":\"رنگ\",\"value\":\"زرد\"},{\"key\":\"پایه\",\"value\":\"چوبی\"},{\"key\":\"نشیمن\",\"value\":\"طرح چرمی\"}]',1,5709,'[]'),(54,16,'صندلی غذاخوری','سالم',2600000,'1673343977082','[\"https://shop-cdn.agahpardazan.ir/upload/3346687953694.jpg\",\"https://shop-cdn.agahpardazan.ir/upload/3346687953930.jpg\",\"https://shop-cdn.agahpardazan.ir/upload/3346687953996.jpg\",\"https://shop-cdn.agahpardazan.ir/upload/3346687954224.jpg\",\"https://shop-cdn.agahpardazan.ir/upload/3346687954568.jpg\"]','[{\"key\":\"وضعیت\",\"value\":\"کار کرده\"},{\"key\":\"رنگ\",\"value\":\"زرذ\"},{\"key\":\"پایه \",\"value\":\"چوبی\"},{\"key\":\"نشیمن\",\"value\":\"طرح چرمی\"}]',1,5707,'[]'),(55,16,'صندلی غذا خوری','سالم ',2600000,'1673345551751','[\"https://shop-cdn.agahpardazan.ir/upload/3346691102252.jpg\",\"https://shop-cdn.agahpardazan.ir/upload/3346691102878.jpg\",\"https://shop-cdn.agahpardazan.ir/upload/3346691103322.jpg\",\"https://shop-cdn.agahpardazan.ir/upload/3346691103736.jpg\",\"https://shop-cdn.agahpardazan.ir/upload/3346691103938.jpg\"]','[{\"key\":\"وضعیت\",\"value\":\"کار کرده\"},{\"key\":\"رنگ\",\"value\":\"آبی\"},{\"key\":\"پایه\",\"value\":\"چوبی\"},{\"key\":\"نشیمن\",\"value\":\"طرح چرمی\"}]',1,5707,'[]'),(56,16,'صندلی غذاخوری','سالم',2600000,'1673346579380','[\"https://shop-cdn.agahpardazan.ir/upload/3346693158222.jpg\",\"https://shop-cdn.agahpardazan.ir/upload/3346693158478.jpg\",\"https://shop-cdn.agahpardazan.ir/upload/3346693158788.jpg\",\"https://shop-cdn.agahpardazan.ir/upload/3346693158990.jpg\",\"https://shop-cdn.agahpardazan.ir/upload/3346693159238.jpg\"]','[{\"key\":\"وضعیت\",\"value\":\"کار کرده\"},{\"key\":\"رنگ\",\"value\":\"آبی\"},{\"key\":\"پایه\",\"value\":\"چوبی\"},{\"key\":\"نشیمن\",\"value\":\"طرح چرم\"}]',1,5706,'[]'),(57,15,'میزتراس','سالم',16000000,'1673346888414','[\"https://shop-cdn.agahpardazan.ir/upload/3346693776410.jpg\",\"https://shop-cdn.agahpardazan.ir/upload/3346693776792.jpg\",\"https://shop-cdn.agahpardazan.ir/upload/3346693777042.jpg\",\"https://shop-cdn.agahpardazan.ir/upload/3346693777312.jpg\"]','[{\"key\":\"وضعیت\",\"value\":\"کار کرده\"},{\"key\":\"پایه\",\"value\":\"فلزی\"},{\"key\":\"رویه\",\"value\":\"چوبی\"},{\"key\":\"برند\",\"value\":\"NEVADA\"}]',1,3982,'[]'),(58,15,'میز تراس','سالم',8000000,'1673347040592','[\"https://shop-cdn.agahpardazan.ir/upload/3346694080852.jpg\",\"https://shop-cdn.agahpardazan.ir/upload/3346694081166.jpg\",\"https://shop-cdn.agahpardazan.ir/upload/3346694081426.jpg\",\"https://shop-cdn.agahpardazan.ir/upload/3346694081664.jpg\"]','[{\"key\":\"وضعیت\",\"value\":\"کار کرده\"},{\"key\":\"پایه\",\"value\":\"فلزی\"},{\"key\":\"رویه\",\"value\":\"چوبی\"},{\"key\":\"برند\",\"value\":\"NEVADA\"}]',1,3987,'[]'),(59,15,'میز تراس','سالم',8000000,'1673350518443','[\"https://shop-cdn.agahpardazan.ir/upload/3346701036508.jpg\",\"https://shop-cdn.agahpardazan.ir/upload/3346701036858.jpg\",\"https://shop-cdn.agahpardazan.ir/upload/3346701037180.jpg\",\"https://shop-cdn.agahpardazan.ir/upload/3346701037452.jpg\"]','[{\"key\":\"وضعیت\",\"value\":\"کار کرده\"},{\"key\":\"برند\",\"value\":\"NEVADA\"},{\"key\":\"رویه\",\"value\":\"چوبی\"},{\"key\":\"پایه\",\"value\":\"فلزی\"}]',1,3988,'[]'),(61,15,'میز تراس','سالم',8000000,'1673350675438','[\"https://shop-cdn.agahpardazan.ir/upload/3346701350826.jpg\",\"https://shop-cdn.agahpardazan.ir/upload/3346701351152.jpg\",\"https://shop-cdn.agahpardazan.ir/upload/3346701351446.jpg\"]','[{\"key\":\"وضعیت\",\"value\":\"کار کرده\"},{\"key\":\"پایه \",\"value\":\"فلزی\"},{\"key\":\"رویه\",\"value\":\"چوبی\"},{\"key\":\"برند\",\"value\":\"NEVADA\"}]',1,3989,'[]'),(62,16,'صندلی تراس','ست میز تراس-سالم',1000000,'1673350792571','[\"https://shop-cdn.agahpardazan.ir/upload/3346701584302.jpg\",\"https://shop-cdn.agahpardazan.ir/upload/3346701584616.jpg\",\"https://shop-cdn.agahpardazan.ir/upload/3346701584918.jpg\",\"https://shop-cdn.agahpardazan.ir/upload/3346701585190.jpg\"]','[{\"key\":\"وضعیت\",\"value\":\"کار کرده\"},{\"key\":\"نشیمن\",\"value\":\"چوبی\"},{\"key\":\"پایه\",\"value\":\"فلزی\"},{\"key\":\"برند\",\"value\":\"NEVADA\"}]',1,3990,'[]'),(63,16,'صندلی تراس','ست میز تراس-سالم',1000000,'1673350880821','[\"https://shop-cdn.agahpardazan.ir/upload/3346701761174.jpg\",\"https://shop-cdn.agahpardazan.ir/upload/3346701761406.jpg\",\"https://shop-cdn.agahpardazan.ir/upload/3346701761620.jpg\",\"https://shop-cdn.agahpardazan.ir/upload/3346701761910.jpg\",\"https://shop-cdn.agahpardazan.ir/upload/3346701762218.jpg\"]','[{\"key\":\"وضعیت\",\"value\":\"کار کرده\"},{\"key\":\"پایه\",\"value\":\"فلزی\"},{\"key\":\"نشیمن\",\"value\":\"چوبی\"},{\"key\":\"برند\",\"value\":\"NEVADA\"}]',1,3991,'[]'),(64,16,'صندلی تراس','ست میز تراس-سالم',1000000,'1673350960986','[\"https://shop-cdn.agahpardazan.ir/upload/3346701921488.jpg\",\"https://shop-cdn.agahpardazan.ir/upload/3346701921762.jpg\",\"https://shop-cdn.agahpardazan.ir/upload/3346701921964.jpg\",\"https://shop-cdn.agahpardazan.ir/upload/3346701922272.jpg\",\"https://shop-cdn.agahpardazan.ir/upload/3346701922540.jpg\"]','[{\"key\":\"وضعیت\",\"value\":\"کار کرده\"},{\"key\":\"پایه\",\"value\":\"فلزی\"},{\"key\":\"نشیمن\",\"value\":\"چوبی\"},{\"key\":\"برند\",\"value\":\"NEVADA\"}]',1,3992,'[]'),(65,16,'صندلی تراس','ست میز تراس-سالم',1000000,'1673351049196','[\"https://shop-cdn.agahpardazan.ir/upload/3346702097974.jpg\",\"https://shop-cdn.agahpardazan.ir/upload/3346702098246.jpg\",\"https://shop-cdn.agahpardazan.ir/upload/3346702098468.jpg\",\"https://shop-cdn.agahpardazan.ir/upload/3346702098714.jpg\",\"https://shop-cdn.agahpardazan.ir/upload/3346702098954.jpg\"]','[{\"key\":\"وضعیت\",\"value\":\"کار کرده\"},{\"key\":\"پایه\",\"value\":\"فلزی\"},{\"key\":\"نشیمن\",\"value\":\"چوبی\"},{\"key\":\"برند\",\"value\":\"NEVADA\"}]',1,3993,'[]'),(66,16,'صندلی تراس','ست میز تراس-سالم',1000000,'1673351157488','[\"https://shop-cdn.agahpardazan.ir/upload/3346702314530.jpg\",\"https://shop-cdn.agahpardazan.ir/upload/3346702314782.jpg\",\"https://shop-cdn.agahpardazan.ir/upload/3346702315012.jpg\",\"https://shop-cdn.agahpardazan.ir/upload/3346702315226.jpg\",\"https://shop-cdn.agahpardazan.ir/upload/3346702315544.jpg\"]','[{\"key\":\"وضعیت\",\"value\":\"کار کرده\"},{\"key\":\"پایه\",\"value\":\"فلزی\"},{\"key\":\"نشیمن\",\"value\":\"چوبی\"},{\"key\":\"برند\",\"value\":\"NEVADA\"}]',1,3985,'[]'),(67,16,'صندلی تراس','ست میز تراس-سالم',1000000,'1673351251863','[\"https://shop-cdn.agahpardazan.ir/upload/3346702503260.jpg\",\"https://shop-cdn.agahpardazan.ir/upload/3346702503546.jpg\",\"https://shop-cdn.agahpardazan.ir/upload/3346702503794.jpg\",\"https://shop-cdn.agahpardazan.ir/upload/3346702504032.jpg\",\"https://shop-cdn.agahpardazan.ir/upload/3346702504298.jpg\"]','[{\"key\":\"وضعیت\",\"value\":\"کار کرده\"},{\"key\":\"پایه\",\"value\":\"فلزی\"},{\"key\":\"نشیمن\",\"value\":\"چوبی\"},{\"key\":\"برند\",\"value\":\"NEVADA\"}]',1,3986,'[]'),(68,16,'صندلی تراس','ست میز تراس-سالم',1000000,'1673351330796','[\"https://shop-cdn.agahpardazan.ir/upload/3346702661082.jpg\",\"https://shop-cdn.agahpardazan.ir/upload/3346702661366.jpg\",\"https://shop-cdn.agahpardazan.ir/upload/3346702661594.jpg\",\"https://shop-cdn.agahpardazan.ir/upload/3346702661890.jpg\",\"https://shop-cdn.agahpardazan.ir/upload/3346702662176.jpg\"]','[{\"key\":\"وضعیت\",\"value\":\"کار کرده\"},{\"key\":\"پایه\",\"value\":\"فلزی\"},{\"key\":\"نشیمن\",\"value\":\"چوبی\"},{\"key\":\"برند\",\"value\":\"NEVADA\"}]',1,3994,'[]'),(69,16,'صندلی تراس','ست میز تراس-سالم',1000000,'1673351475403','[\"https://shop-cdn.agahpardazan.ir/upload/3346702950464.jpg\",\"https://shop-cdn.agahpardazan.ir/upload/3346702950682.jpg\",\"https://shop-cdn.agahpardazan.ir/upload/3346702950870.jpg\",\"https://shop-cdn.agahpardazan.ir/upload/3346702951090.jpg\",\"https://shop-cdn.agahpardazan.ir/upload/3346702951396.jpg\"]','[{\"key\":\"وضعیت\",\"value\":\"کار کرده\"},{\"key\":\"پایه\",\"value\":\"فلزی\"},{\"key\":\"نشیمن\",\"value\":\"چوبی\"},{\"key\":\"برند\",\"value\":\"NEVADA\"}]',1,3995,'[]'),(70,16,'صندلی تراس','ست میز تراس-سالم',1000000,'1673351565562','[\"https://shop-cdn.agahpardazan.ir/upload/3346703130758.jpg\",\"https://shop-cdn.agahpardazan.ir/upload/3346703131004.jpg\",\"https://shop-cdn.agahpardazan.ir/upload/3346703131208.jpg\",\"https://shop-cdn.agahpardazan.ir/upload/3346703131442.jpg\",\"https://shop-cdn.agahpardazan.ir/upload/3346703131702.jpg\"]','[{\"key\":\"وضعیت\",\"value\":\"کار کرده\"},{\"key\":\"پایه\",\"value\":\"فلزی\"},{\"key\":\"نشیمن\",\"value\":\"چوبی\"},{\"key\":\"برند\",\"value\":\"NEVADA\"}]',1,3996,'[]'),(71,16,'صندلی تراس','ست میز تراس-سالم',1000000,'1673351966142','[\"https://shop-cdn.agahpardazan.ir/upload/3346703931624.jpg\",\"https://shop-cdn.agahpardazan.ir/upload/3346703931958.jpg\",\"https://shop-cdn.agahpardazan.ir/upload/3346703932218.jpg\",\"https://shop-cdn.agahpardazan.ir/upload/3346703932566.jpg\",\"https://shop-cdn.agahpardazan.ir/upload/3346703932882.jpg\"]','[{\"key\":\"وضعیت\",\"value\":\"کار کرده\"},{\"key\":\"پایه\",\"value\":\"فلزی\"},{\"key\":\"نشیمن\",\"value\":\"چوبی\"},{\"key\":\"برند\",\"value\":\"NEVADA\"}]',1,3997,'[]'),(72,16,'صندلی تراس','ست میز تراس-سالم',1000000,'1673353587040','[\"https://shop-cdn.agahpardazan.ir/upload/3346707173612.jpg\",\"https://shop-cdn.agahpardazan.ir/upload/3346707173896.jpg\",\"https://shop-cdn.agahpardazan.ir/upload/3346707174138.jpg\",\"https://shop-cdn.agahpardazan.ir/upload/3346707174408.jpg\",\"https://shop-cdn.agahpardazan.ir/upload/3346707174742.jpg\"]','[{\"key\":\"وضعیت\",\"value\":\"کار کرده\"},{\"key\":\"پایه\",\"value\":\"فلزی\"},{\"key\":\"نشیمن\",\"value\":\"چوبی\"},{\"key\":\"برند\",\"value\":\"NEVADA\"}]',1,3998,'[]'),(73,16,'صندلی تراس','ست میز تراس-سالم',1000000,'1673353716452','[\"https://shop-cdn.agahpardazan.ir/upload/3346707432412.jpg\",\"https://shop-cdn.agahpardazan.ir/upload/3346707432686.jpg\",\"https://shop-cdn.agahpardazan.ir/upload/3346707432930.jpg\",\"https://shop-cdn.agahpardazan.ir/upload/3346707433232.jpg\",\"https://shop-cdn.agahpardazan.ir/upload/3346707433570.jpg\"]','[{\"key\":\"وضعیت\",\"value\":\"کار کرده\"},{\"key\":\"پایه\",\"value\":\"فلزی\"},{\"key\":\"نشیمن\",\"value\":\"چوبی\"},{\"key\":\"برند\",\"value\":\"NEVADA\"}]',1,3999,'[]'),(74,16,'صندلی تراس','ست میز تراس-سالم',1000000,'1673354123295','[\"https://shop-cdn.agahpardazan.ir/upload/3346708246148.jpg\",\"https://shop-cdn.agahpardazan.ir/upload/3346708246410.jpg\",\"https://shop-cdn.agahpardazan.ir/upload/3346708246686.jpg\",\"https://shop-cdn.agahpardazan.ir/upload/3346708246960.jpg\",\"https://shop-cdn.agahpardazan.ir/upload/3346708247268.jpg\"]','[{\"key\":\"وضعیت\",\"value\":\"کار کرده\"},{\"key\":\"پایه\",\"value\":\"فلزی\"},{\"key\":\"نشیمن\",\"value\":\"چوبی\"},{\"key\":\"برند\",\"value\":\"NEVADA\"}]',1,4000,'[]'),(75,16,'صندلی تراس','سالم',1000000,'1673354569318','[\"https://shop-cdn.agahpardazan.ir/upload/3346709138050.jpg\",\"https://shop-cdn.agahpardazan.ir/upload/3346709138376.jpg\",\"https://shop-cdn.agahpardazan.ir/upload/3346709138642.jpg\",\"https://shop-cdn.agahpardazan.ir/upload/3346709138932.jpg\",\"https://shop-cdn.agahpardazan.ir/upload/3346709139338.jpg\"]','[{\"key\":\"وضعیت\",\"value\":\"کار کرده\"},{\"key\":\"رنگ \",\"value\":\"قهوه ای\"},{\"key\":\"متریال\",\"value\":\"پلاستیکی حصیری\"}]',1,5828,'[]'),(76,16,'صندلی تراس','سالم',1000000,'1673354776078','[\"https://shop-cdn.agahpardazan.ir/upload/3346709551834.jpg\",\"https://shop-cdn.agahpardazan.ir/upload/3346709552040.jpg\",\"https://shop-cdn.agahpardazan.ir/upload/3346709552260.jpg\",\"https://shop-cdn.agahpardazan.ir/upload/3346709552530.jpg\",\"https://shop-cdn.agahpardazan.ir/upload/3346709552864.jpg\"]','[{\"key\":\"وضعیت\",\"value\":\"کار کرده\"},{\"key\":\"رنگ\",\"value\":\"قهوه ای\"},{\"key\":\"متریال\",\"value\":\"پلاستیکی حصیری\"}]',1,5826,'[]'),(77,2,'صندلی تراس','سالم',1000000,'1673354963578','[\"https://shop-cdn.agahpardazan.ir/upload/3346709926706.jpg\",\"https://shop-cdn.agahpardazan.ir/upload/3346709926958.jpg\",\"https://shop-cdn.agahpardazan.ir/upload/3346709927204.jpg\",\"https://shop-cdn.agahpardazan.ir/upload/3346709927452.jpg\",\"https://shop-cdn.agahpardazan.ir/upload/3346709927854.jpg\"]','[{\"key\":\"وضعیت\",\"value\":\"کار کرده\"},{\"key\":\"رنگ\",\"value\":\"قهوه ای\"},{\"key\":\"متریال\",\"value\":\"پلاستیکی حصیری\"}]',1,5827,'[]'),(78,16,'صندلی تراس','سالم',1000000,'1673355045062','[\"https://shop-cdn.agahpardazan.ir/upload/3346710089470.jpg\",\"https://shop-cdn.agahpardazan.ir/upload/3346710089878.jpg\",\"https://shop-cdn.agahpardazan.ir/upload/3346710090228.jpg\",\"https://shop-cdn.agahpardazan.ir/upload/3346710090524.jpg\",\"https://shop-cdn.agahpardazan.ir/upload/3346710090836.jpg\"]','[{\"key\":\"وضعیت\",\"value\":\"کار کرده\"},{\"key\":\"رنگ\",\"value\":\"قهوه ای\"},{\"key\":\"متریال\",\"value\":\"پلاستیکی حصیری\"}]',1,5824,'[]'),(79,16,'صندلی تراس','سالم',1000000,'1673355141245','[\"https://shop-cdn.agahpardazan.ir/upload/3346710282468.jpg\",\"https://shop-cdn.agahpardazan.ir/upload/3346710282708.jpg\",\"https://shop-cdn.agahpardazan.ir/upload/3346710282938.jpg\",\"https://shop-cdn.agahpardazan.ir/upload/3346710283198.jpg\"]','[{\"key\":\"وضعیت\",\"value\":\"کار کرده\"},{\"key\":\"رنگ\",\"value\":\"قهوا ای\"},{\"key\":\"متریال\",\"value\":\"پلاستیکی حصیری\"}]',1,5825,'[]'),(80,16,'صندلی تراس','سالم',1000000,'1673355238834','[\"https://shop-cdn.agahpardazan.ir/upload/3346710477636.jpg\",\"https://shop-cdn.agahpardazan.ir/upload/3346710477888.jpg\",\"https://shop-cdn.agahpardazan.ir/upload/3346710478124.jpg\",\"https://shop-cdn.agahpardazan.ir/upload/3346710478390.jpg\"]','[{\"key\":\"وضعیت\",\"value\":\"کار کرده\"},{\"key\":\"رنگ\",\"value\":\"قهوه ای\"},{\"key\":\"متریال\",\"value\":\"پلاستیکی حثیری\"}]',1,5829,'[]'),(81,22,'مبل دو نفره ','سالم. همراه با کوسن',2000000,'1673355453830','[\"https://shop-cdn.agahpardazan.ir/upload/3346710908344.jpg\",\"https://shop-cdn.agahpardazan.ir/upload/3346710908402.jpg\"]','[{\"key\":\"وضعیت\",\"value\":\"کار کرده\"},{\"key\":\"رنگ\",\"value\":\"آبی\"}]',1,5760,'[]'),(82,22,'مبل دو نفره ','سالم- همراه با کوسن',2000000,'1673355529454','[\"https://shop-cdn.agahpardazan.ir/upload/3346711059592.jpg\",\"https://shop-cdn.agahpardazan.ir/upload/3346711059648.jpg\"]','[{\"key\":\"وضعیت\",\"value\":\"کار کرده\"},{\"key\":\"رنگ\",\"value\":\"آبی\"}]',1,5759,'[]'),(83,2,'مبل تک نفره ','سالم',2000000,'1673355704970','[\"https://shop-cdn.agahpardazan.ir/upload/3346711410688.jpg\"]','[{\"key\":\"وضعیت\",\"value\":\"کار کرده\"},{\"key\":\"رنگ\",\"value\":\"کرم\"}]',1,5715,'[]'),(84,22,'مبل تک نفره ','سالم',2000000,'1673355782287','[\"https://shop-cdn.agahpardazan.ir/upload/3346711565320.jpg\"]','[{\"key\":\"وضعیت\",\"value\":\"کار کرده\"},{\"key\":\"رنگ\",\"value\":\"کرم\"}]',1,5716,'[]'),(85,16,'صندلی ','صندلی ثابت-سالم',1000000,'1673355884778','[\"https://shop-cdn.agahpardazan.ir/upload/3346711770308.jpg\"]','[{\"key\":\"وضعیت\",\"value\":\"کار کرده\"},{\"key\":\"پایه\",\"value\":\"فلزی مشکی\"},{\"key\":\"رویه\",\"value\":\"چرم قهوه ای\"}]',1,5642,'[]'),(89,16,'صندلی حراست','جک  صندلی خراب است. صندلی چرخ دار',6000000,'1673356898729','[\"https://shop-cdn.agahpardazan.ir/upload/3346713797568.jpg\",\"https://shop-cdn.agahpardazan.ir/upload/3346713797824.jpg\",\"https://shop-cdn.agahpardazan.ir/upload/3346713798202.jpg\"]','[{\"key\":\"وضعیت\",\"value\":\"کار کرده\"},{\"key\":\"رنگ\",\"value\":\"کرم\"},{\"key\":\"نشیمن\",\"value\":\"پارچه ای\"}]',1,4940,'[]'),(90,15,'میز جلسه ','یک پایه وسط شکسته-وسط کلید و پریز دار(مدل قبلی اتاق جلسه)',20000000,'1673357449933','[\"https://shop-cdn.agahpardazan.ir/upload/3346714900214.jpg\",\"https://shop-cdn.agahpardazan.ir/upload/3346714900464.jpg\",\"https://shop-cdn.agahpardazan.ir/upload/3346714900652.jpg\"]','[{\"key\":\"وضعیت\",\"value\":\"کار کرده\"},{\"key\":\"رنگ\",\"value\":\"سفید\"},{\"key\":\"مدل\",\"value\":\"بیضی\"}]',1,3442,'[]'),(91,15,'میز جلسه ','سالم-وسط کلید و پریز دار(مدل قبلی اتاق جلسات)',20000000,'1673359039391','[\"https://shop-cdn.agahpardazan.ir/upload/3346718079166.jpg\",\"https://shop-cdn.agahpardazan.ir/upload/3346718079378.jpg\",\"https://shop-cdn.agahpardazan.ir/upload/3346718079574.jpg\"]','[{\"key\":\"وضعیت\",\"value\":\"کار کرده\"},{\"key\":\"رنگ\",\"value\":\"سفید\"},{\"key\":\"مدل\",\"value\":\"بیضی\"}]',1,3443,'[]'),(92,15,'میز جلسه ','سالم-وسط کلید و پریز دار(مدل قبلی اتاق جلسه)',20000000,'1673359183953','[\"https://shop-cdn.agahpardazan.ir/upload/3346718368164.jpg\",\"https://shop-cdn.agahpardazan.ir/upload/3346718368450.jpg\",\"https://shop-cdn.agahpardazan.ir/upload/3346718368706.jpg\"]','[{\"key\":\"وضعیت\",\"value\":\"کار کرده\"},{\"key\":\"رنگ\",\"value\":\"سفید\"},{\"key\":\"مدل\",\"value\":\"بیضی\"}]',1,3444,'[]'),(93,14,'پرینتر کوچک','سالم',700000,'1673359500087','[\"https://shop-cdn.agahpardazan.ir/upload/3346719000214.jpg\",\"https://shop-cdn.agahpardazan.ir/upload/3346719000494.jpg\",\"https://shop-cdn.agahpardazan.ir/upload/3346719000726.jpg\",\"https://shop-cdn.agahpardazan.ir/upload/3346719000946.jpg\"]','[{\"key\":\"وضعیت\",\"value\":\"کار کرده\"},{\"key\":\"برند\",\"value\":\"HP\"},{\"key\":\"مدل\",\"value\":\"m402dn\"},{\"key\":\"رنگ\",\"value\":\"سفید\"}]',1,5735,'[]'),(94,14,'پرینتر کوچک','سالم',700000,'1673359951380','[\"https://shop-cdn.agahpardazan.ir/upload/3346719903186.jpg\",\"https://shop-cdn.agahpardazan.ir/upload/3346719903388.jpg\",\"https://shop-cdn.agahpardazan.ir/upload/3346719903572.jpg\"]','[{\"key\":\"وضعیت\",\"value\":\"کار کرده\"},{\"key\":\"برند\",\"value\":\"HP\"},{\"key\":\"مدل\",\"value\":\"m402dn\"},{\"key\":\"رنگ\",\"value\":\"سفید\"}]',1,5736,'[]'),(95,14,'پرینتر کوچک','سالم',700000,'1673417070555','[\"https://shop-cdn.agahpardazan.ir/upload/3346834140870.jpg\",\"https://shop-cdn.agahpardazan.ir/upload/3346834141064.jpg\",\"https://shop-cdn.agahpardazan.ir/upload/3346834141294.jpg\",\"https://shop-cdn.agahpardazan.ir/upload/3346834141484.jpg\"]','[{\"key\":\"وضعیت\",\"value\":\"کار کرده\"},{\"key\":\"برند\",\"value\":\"HP\"},{\"key\":\"مدل\",\"value\":\"m402dn\"},{\"key\":\"رنگ\",\"value\":\"سفید\"}]',1,5745,'[]'),(96,14,'پرینتر کوچک','سالم',700000,'1673417188916','[\"https://shop-cdn.agahpardazan.ir/upload/3346834377554.jpg\",\"https://shop-cdn.agahpardazan.ir/upload/3346834377782.jpg\",\"https://shop-cdn.agahpardazan.ir/upload/3346834378014.jpg\",\"https://shop-cdn.agahpardazan.ir/upload/3346834378206.jpg\"]','[{\"key\":\"وضعیت\",\"value\":\"کار کرده\"},{\"key\":\"برند\",\"value\":\"HP\"},{\"key\":\"مدل\",\"value\":\"m402dn\"},{\"key\":\"رنگ\",\"value\":\"سفید\"}]',1,5763,'[]'),(97,14,'پرینتر کوچک','سالم',700000,'1673417336571','[\"https://shop-cdn.agahpardazan.ir/upload/3346834673046.jpg\",\"https://shop-cdn.agahpardazan.ir/upload/3346834673274.jpg\",\"https://shop-cdn.agahpardazan.ir/upload/3346834673500.jpg\"]','[{\"key\":\"وضعیت\",\"value\":\"کار کرده\"},{\"key\":\"برند\",\"value\":\"HP \"},{\"key\":\"مدل\",\"value\":\"m127fw\"},{\"key\":\"رنگ\",\"value\":\"مشکی\"}]',1,5764,'[]'),(98,14,'پرینتر کوچک','سالم',700000,'1673417431615','[\"https://shop-cdn.agahpardazan.ir/upload/3346834863124.jpg\",\"https://shop-cdn.agahpardazan.ir/upload/3346834863336.jpg\",\"https://shop-cdn.agahpardazan.ir/upload/3346834863572.jpg\"]','[{\"key\":\"وضعیت\",\"value\":\"کار کرده\"},{\"key\":\"برند\",\"value\":\"HP\"},{\"key\":\"مدل\",\"value\":\"m127fw\"},{\"key\":\"رنگ\",\"value\":\"مشکی\"}]',1,5830,'[]'),(99,14,'پرینتر کوچک','سالم',700000,'1673417599178','[\"https://shop-cdn.agahpardazan.ir/upload/3346835198308.jpg\",\"https://shop-cdn.agahpardazan.ir/upload/3346835198484.jpg\",\"https://shop-cdn.agahpardazan.ir/upload/3346835198696.jpg\"]','[{\"key\":\"وضعیت\",\"value\":\"کار کرده\"},{\"key\":\"برند\",\"value\":\"HP\"},{\"key\":\"مدل\",\"value\":\"m225dw\"},{\"key\":\"رنگ\",\"value\":\"مشکی\"}]',1,5836,'[]'),(100,14,'پرینتر کوچک','سالم',700000,'1673418500161','[\"https://shop-cdn.agahpardazan.ir/upload/3346837000006.jpg\",\"https://shop-cdn.agahpardazan.ir/upload/3346837000276.jpg\",\"https://shop-cdn.agahpardazan.ir/upload/3346837000548.jpg\"]','[{\"key\":\"وضعیت\",\"value\":\"کار کرده\"},{\"key\":\"برند\",\"value\":\"HP\"},{\"key\":\"مدل\",\"value\":\"m225dw\"},{\"key\":\"رنگ\",\"value\":\"مشکی\"}]',1,5837,'[]'),(101,23,'کمد فلزی','سالم-کمد فلزی 12 درب-درب های کلید دار',10000000,'1673418712378','[\"https://shop-cdn.agahpardazan.ir/upload/3346837424698.jpg\",\"https://shop-cdn.agahpardazan.ir/upload/3346837424988.jpg\",\"https://shop-cdn.agahpardazan.ir/upload/3346837425046.jpg\"]','[{\"key\":\"وضعیت\",\"value\":\"کار کرده\"},{\"key\":\"ارتفاع\",\"value\":\"185 سانتیمتر\"},{\"key\":\"رنگ\",\"value\":\"خاکستری\"}]',1,6016,'[]'),(102,15,'میز ناهارخوری','سالم',4500000,'1673418859845','[\"https://shop-cdn.agahpardazan.ir/upload/3346837719426.jpg\",\"https://shop-cdn.agahpardazan.ir/upload/3346837719690.jpg\",\"https://shop-cdn.agahpardazan.ir/upload/3346837719964.jpg\"]','[{\"key\":\"وضعیت\",\"value\":\"کار کرده\"},{\"key\":\"ابعاد\",\"value\":\"110*80\"},{\"key\":\"رنگ\",\"value\":\"قهووه ای\"},{\"key\":\"متریال\",\"value\":\"چوبی\"}]',1,5794,'[]'),(103,15,'میز ناهارخوری','سالم',2000000,'1673418968765','[\"https://shop-cdn.agahpardazan.ir/upload/3346837937296.jpg\",\"https://shop-cdn.agahpardazan.ir/upload/3346837937568.jpg\",\"https://shop-cdn.agahpardazan.ir/upload/3346837937806.jpg\"]','[{\"key\":\"وضعیت\",\"value\":\"کار کرده\"},{\"key\":\"ابعاد\",\"value\":\"110*80\"},{\"key\":\"رنگ\",\"value\":\"قهو ای\"},{\"key\":\"متریال\",\"value\":\"چوب\"},{\"key\":\"رنگ\",\"value\":\"قهوه ای \"}]',1,5778,'[]'),(104,15,'میز ناهارخوری','سالم',2000000,'1673419092436','[\"https://shop-cdn.agahpardazan.ir/upload/3346838184616.jpg\",\"https://shop-cdn.agahpardazan.ir/upload/3346838184908.jpg\",\"https://shop-cdn.agahpardazan.ir/upload/3346838185142.jpg\"]','[{\"key\":\"وضعیت\",\"value\":\"کار کرده\"},{\"key\":\"ابعاد\",\"value\":\"110*80\"},{\"key\":\"متریال\",\"value\":\"چوب\"},{\"key\":\"رنگ\",\"value\":\"قهوه ای\"}]',1,5776,'[]'),(105,15,'میز ناهارخوری','سالم',2000000,'1673419178214','[\"https://shop-cdn.agahpardazan.ir/upload/3346838356140.jpg\",\"https://shop-cdn.agahpardazan.ir/upload/3346838356396.jpg\",\"https://shop-cdn.agahpardazan.ir/upload/3346838356684.jpg\"]','[{\"key\":\"وضعیت\",\"value\":\"کار کرده\"},{\"key\":\"ابعد\",\"value\":\"110*80\"},{\"key\":\"متریال\",\"value\":\"چوبی\"},{\"key\":\"رنگ\",\"value\":\"قهوه ای\"}]',1,5777,'[]'),(106,16,'نیمکت ناهارخوری','سالم-ست میز ناهار خوری مستطیلی چوبی',2000000,'1673419330272','[\"https://shop-cdn.agahpardazan.ir/upload/3346838659976.jpg\",\"https://shop-cdn.agahpardazan.ir/upload/3346838660222.jpg\",\"https://shop-cdn.agahpardazan.ir/upload/3346838660506.jpg\",\"https://shop-cdn.agahpardazan.ir/upload/3346838660812.jpg\"]','[{\"key\":\"وضعیت\",\"value\":\"کار کرده\"},{\"key\":\"ابعاد\",\"value\":\"110*37\"},{\"key\":\"رنگ\",\"value\":\"قهوه ای\"},{\"key\":\"متریال\",\"value\":\"چوبی\"}]',1,5780,'[]'),(107,16,'نیمکت ناهارخوری','سالم-ست میز ناهار خوری مستطیل چوبی',2500000,'1673419441238','[\"https://shop-cdn.agahpardazan.ir/upload/3346838882124.jpg\",\"https://shop-cdn.agahpardazan.ir/upload/3346838882504.jpg\",\"https://shop-cdn.agahpardazan.ir/upload/3346838882730.jpg\"]','[{\"key\":\"وضعیت\",\"value\":\"کار کرده\"},{\"key\":\"ابعاد\",\"value\":\"110*37\"},{\"key\":\"متریال\",\"value\":\"چوبی\"},{\"key\":\"رنگ\",\"value\":\"قهوه ای\"}]',1,5792,'[]'),(108,16,'نیمکت ناهارخوری','سالم-ست میز ناهار خوری مستطیل چوبی',1000000,'1673419582452','[\"https://shop-cdn.agahpardazan.ir/upload/3346839164690.jpg\",\"https://shop-cdn.agahpardazan.ir/upload/3346839164926.jpg\",\"https://shop-cdn.agahpardazan.ir/upload/3346839165164.jpg\"]','[{\"key\":\"وضعیت\",\"value\":\"کار کرده\"},{\"key\":\"ابعاد\",\"value\":\"110*37\"},{\"key\":\"متریال\",\"value\":\"چوبی\"},{\"key\":\"رنگ\",\"value\":\"قهوه ای\"}]',1,5790,'[]'),(109,16,'نیمکت ناهارخوری','سالم-ست میز ناهار خوری مستطیل چوبی',1000000,'1673419701108','[\"https://shop-cdn.agahpardazan.ir/upload/3346839401958.jpg\",\"https://shop-cdn.agahpardazan.ir/upload/3346839402206.jpg\",\"https://shop-cdn.agahpardazan.ir/upload/3346839402468.jpg\"]','[{\"key\":\"وضعیت\",\"value\":\"کار کرده\"},{\"key\":\"ابعاد\",\"value\":\"110*37\"},{\"key\":\"متریال\",\"value\":\"چوبی\"},{\"key\":\"رنگ\",\"value\":\"قهوه ای\"}]',1,5793,'[]'),(110,16,'نیمکت ناهارخوری','سالم-ست میز ناهار خوری مستطیل چوبی',1000000,'1673419820646','[\"https://shop-cdn.agahpardazan.ir/upload/3346839640922.jpg\",\"https://shop-cdn.agahpardazan.ir/upload/3346839641214.jpg\",\"https://shop-cdn.agahpardazan.ir/upload/3346839641536.jpg\"]','[{\"key\":\"وضعیت\",\"value\":\"کار کرده\"},{\"key\":\"ابعاد\",\"value\":\"110*37\"},{\"key\":\"متریال\",\"value\":\"چوبی\"},{\"key\":\"رنگ\",\"value\":\"قهوه ای\"}]',1,5781,'[]'),(111,16,'نیمکت ناهارخوری','سالم-ست میز ناهار خوری چوبی مستطیلی',1000000,'1673419920065','[\"https://shop-cdn.agahpardazan.ir/upload/3346839839786.jpg\",\"https://shop-cdn.agahpardazan.ir/upload/3346839840070.jpg\",\"https://shop-cdn.agahpardazan.ir/upload/3346839840382.jpg\"]','[{\"key\":\"وضعیت\",\"value\":\"کار کرده\"},{\"key\":\"ابعاد\",\"value\":\"110*37\"},{\"key\":\"متریال\",\"value\":\"چوبی\"},{\"key\":\"رنگ\",\"value\":\"قهوه ای\"}]',1,5782,'[]'),(112,16,'نیمکت ناهارخوری','سالم-ست میز ناهار خوری مستطیل چوبی',1000000,'1673420036571','[\"https://shop-cdn.agahpardazan.ir/upload/3346840072454.jpg\",\"https://shop-cdn.agahpardazan.ir/upload/3346840072770.jpg\",\"https://shop-cdn.agahpardazan.ir/upload/3346840073118.jpg\",\"https://shop-cdn.agahpardazan.ir/upload/3346840073370.jpg\"]','[{\"key\":\"وضعیت\",\"value\":\"کار کرده\"},{\"key\":\"ابعاد\",\"value\":\"110*37\"},{\"key\":\"متریال\",\"value\":\"چوبی\"},{\"key\":\"رنگ\",\"value\":\"قهوه ای\"}]',1,5634,'[]'),(113,16,'نیمکت ناهارخوری','سالم-ست میز ناهار خوری مستطیل چوبی',1000000,'1673420200116','[\"https://shop-cdn.agahpardazan.ir/upload/3346840399622.jpg\",\"https://shop-cdn.agahpardazan.ir/upload/3346840399918.jpg\",\"https://shop-cdn.agahpardazan.ir/upload/3346840400216.jpg\",\"https://shop-cdn.agahpardazan.ir/upload/3346840400486.jpg\"]','[{\"key\":\"وضعیت\",\"value\":\"کار کرده\"},{\"key\":\"ابعاد\",\"value\":\"110*37\"},{\"key\":\"متریال\",\"value\":\"چوبی\"},{\"key\":\"رنگ\",\"value\":\"قهوه ای\"}]',1,5791,'[]'),(114,15,'میزگرد ناهار خوری','سالم-صفحه شیشه ای گرد',1500000,'1673420341106','[\"https://shop-cdn.agahpardazan.ir/upload/3346840681614.jpg\",\"https://shop-cdn.agahpardazan.ir/upload/3346840681922.jpg\",\"https://shop-cdn.agahpardazan.ir/upload/3346840682220.jpg\",\"https://shop-cdn.agahpardazan.ir/upload/3346840682468.jpg\"]','[{\"key\":\"وضعیت\",\"value\":\"کار کرده\"},{\"key\":\"پایه\",\"value\":\"استیل\"}]',1,5633,'[]'),(115,15,'میزگرد ناهار خوری','سالم-صفحه شیشه ای گرد',3000000,'1673420452660','[\"https://shop-cdn.agahpardazan.ir/upload/3346840904796.jpg\",\"https://shop-cdn.agahpardazan.ir/upload/3346840905068.jpg\",\"https://shop-cdn.agahpardazan.ir/upload/3346840905318.jpg\",\"https://shop-cdn.agahpardazan.ir/upload/3346840905564.jpg\"]','[{\"key\":\"وضعیت\",\"value\":\"کار کرده\"},{\"key\":\"پایه\",\"value\":\"فلزی\"}]',1,5635,'[]'),(116,23,'کمد چهار درب','سالم',1000000,'1673420569861','[\"https://shop-cdn.agahpardazan.ir/upload/3346841139752.jpg\",\"https://shop-cdn.agahpardazan.ir/upload/3346841139974.jpg\"]','[{\"key\":\"وضعیت\",\"value\":\"کار کرده\"},{\"key\":\"ابعاد\",\"value\":\"160*108*45\"},{\"key\":\"متریال\",\"value\":\"ام دی اف\"},{\"key\":\"رگ\",\"value\":\"طوسی\"}]',1,5767,'[]'),(117,23,'کمد سه کشو باکس دار','سالم',1000000,'1673420730624','[\"https://shop-cdn.agahpardazan.ir/upload/3346841461282.jpg\",\"https://shop-cdn.agahpardazan.ir/upload/3346841461496.jpg\"]','[{\"key\":\"وضعیت\",\"value\":\"کار کرده\"},{\"key\":\"ابعاد\",\"value\":\"100*70*45\"},{\"key\":\"متریال\",\"value\":\"ام دی اف\"},{\"key\":\"رنگ\",\"value\":\"طوسی\"}]',1,6029,'[]'),(118,23,'شلف','سالم-یک درب چهار خانه',1000000,'1673420951219','[\"https://shop-cdn.agahpardazan.ir/upload/3346841902088.jpg\",\"https://shop-cdn.agahpardazan.ir/upload/3346841902494.jpg\",\"https://shop-cdn.agahpardazan.ir/upload/3346841902692.jpg\"]','[{\"key\":\"وضعیت\",\"value\":\"کار کرده\"}]',1,5797,'[]'),(119,24,'شلف','سالم-جهار خانه',1000000,'1673421048093','[\"https://shop-cdn.agahpardazan.ir/upload/3346842096066.jpg\",\"https://shop-cdn.agahpardazan.ir/upload/3346842096264.jpg\",\"https://shop-cdn.agahpardazan.ir/upload/3346842096434.jpg\"]','[{\"key\":\"وضعیت\",\"value\":\"کار کرده\"}]',1,5758,'[]'),(120,24,'شلف','سالم-چهار خانه',1000000,'1673421121750','[\"https://shop-cdn.agahpardazan.ir/upload/3346842243218.jpg\",\"https://shop-cdn.agahpardazan.ir/upload/3346842243472.jpg\",\"https://shop-cdn.agahpardazan.ir/upload/3346842243746.jpg\"]','[{\"key\":\"وضعیت\",\"value\":\"کار کرده\"}]',1,6024,'[]'),(121,24,'شلف','سالم-چهار خانه',1000000,'1673421189602','[\"https://shop-cdn.agahpardazan.ir/upload/3346842379062.jpg\",\"https://shop-cdn.agahpardazan.ir/upload/3346842379244.jpg\",\"https://shop-cdn.agahpardazan.ir/upload/3346842379460.jpg\"]','[{\"key\":\"وضعیت\",\"value\":\"کار کرده\"}]',1,5757,'[]'),(122,24,'شلف','سالم-چهار خانه',1000000,'1673421272792','[\"https://shop-cdn.agahpardazan.ir/upload/3346842545386.jpg\",\"https://shop-cdn.agahpardazan.ir/upload/3346842545574.jpg\",\"https://shop-cdn.agahpardazan.ir/upload/3346842545836.jpg\"]','[{\"key\":\"وضعیت\",\"value\":\"کار کرده\"}]',1,5714,'[]'),(123,24,'شلف','سالم-چهار خانه',1000000,'1673422135957','[\"https://shop-cdn.agahpardazan.ir/upload/3346844271730.jpg\",\"https://shop-cdn.agahpardazan.ir/upload/3346844271964.jpg\",\"https://shop-cdn.agahpardazan.ir/upload/3346844272170.jpg\"]','[{\"key\":\"وضعیت\",\"value\":\"کار کرده\"}]',1,5798,'[]'),(124,23,'فایل سه کشو','سالم-بدون چرخ',500000,'1673422273681','[\"https://shop-cdn.agahpardazan.ir/upload/3346844547620.jpg\"]','[{\"key\":\"وضعیت\",\"value\":\"کار کرده\"},{\"key\":\"رنگ\",\"value\":\"سفید\"}]',1,5755,'[]'),(125,23,'فایل دو کشو','سالم',1000000,'1673422362351','[\"https://shop-cdn.agahpardazan.ir/upload/3346844724862.jpg\",\"https://shop-cdn.agahpardazan.ir/upload/3346844724958.jpg\"]','[{\"key\":\"وضعیت\",\"value\":\"کار کرده\"},{\"key\":\"رنگ\",\"value\":\"سفید\"}]',1,5725,'[]'),(126,23,'فایل سه کشو','سالم',1000000,'1673422570565','[\"https://shop-cdn.agahpardazan.ir/upload/3346845140954.jpg\",\"https://shop-cdn.agahpardazan.ir/upload/3346845141202.jpg\",\"https://shop-cdn.agahpardazan.ir/upload/3346845141390.jpg\"]','[{\"key\":\"وضعیت\",\"value\":\"کار کرده\"},{\"key\":\"رنگ\",\"value\":\"سفید\"}]',1,5731,'[]'),(127,23,'فایل سه کشو','سالم',1000000,'1673422880091','[\"https://shop-cdn.agahpardazan.ir/upload/3346845760152.jpg\",\"https://shop-cdn.agahpardazan.ir/upload/3346845760348.jpg\",\"https://shop-cdn.agahpardazan.ir/upload/3346845760450.jpg\"]','[{\"key\":\"وضعیت\",\"value\":\"کار کرده\"},{\"key\":\"رنگ\",\"value\":\"سفید\"}]',1,5732,'[]'),(128,23,'فایل سه کشو','سالم',1000000,'1673423055104','[\"https://shop-cdn.agahpardazan.ir/upload/3346846110124.jpg\",\"https://shop-cdn.agahpardazan.ir/upload/3346846110366.jpg\",\"https://shop-cdn.agahpardazan.ir/upload/3346846110472.jpg\"]','[{\"key\":\"وضعیت\",\"value\":\"کار کرده\"},{\"key\":\"رنگ\",\"value\":\"سفید\"}]',1,5740,'[]'),(129,23,'فایل سه کشو','سالم',1000000,'1673423316251','[\"https://shop-cdn.agahpardazan.ir/upload/3346846632348.jpg\",\"https://shop-cdn.agahpardazan.ir/upload/3346846632592.jpg\",\"https://shop-cdn.agahpardazan.ir/upload/3346846632778.jpg\"]','[{\"key\":\"وضعیت\",\"value\":\"کار کرده\"},{\"key\":\"رنگ\",\"value\":\"سفید\"},{\"key\":\"برند\",\"value\":\"پادیران\"}]',1,5768,'[]'),(130,23,'فایل سه کشو','سالم',1000000,'1673423389731','[\"https://shop-cdn.agahpardazan.ir/upload/3346846779486.jpg\",\"https://shop-cdn.agahpardazan.ir/upload/3346846779618.jpg\",\"https://shop-cdn.agahpardazan.ir/upload/3346846779736.jpg\"]','[{\"key\":\"وضعیت\",\"value\":\"\"},{\"key\":\"رنگ\",\"value\":\"سفید\"}]',1,6028,'[]'),(131,21,'تخته وایت برد','سالم-دیواری بدون پایه',500000,'1673423495061','[\"https://shop-cdn.agahpardazan.ir/upload/3346846990112.jpg\",\"https://shop-cdn.agahpardazan.ir/upload/3346846990394.jpg\"]','[{\"key\":\"وضعیت\",\"value\":\"کار کرده\"},{\"key\":\"ابعاد\",\"value\":\"153*94\"}]',1,5772,'[]'),(132,21,'تخته وایت برد','سالم-دیواری بدون پایه',500000,'1673423877189','[\"https://shop-cdn.agahpardazan.ir/upload/3346847754412.jpg\",\"https://shop-cdn.agahpardazan.ir/upload/3346847754660.jpg\"]','[{\"key\":\"وضعیت\",\"value\":\"کار کرده\"},{\"key\":\"ابعاد\",\"value\":\"104*150\"}]',1,5761,'[]'),(133,21,'تخته وایت برد','سالم-دیواری بدون پایه',1500000,'1673423991348','[\"https://shop-cdn.agahpardazan.ir/upload/3346847982784.jpg\",\"https://shop-cdn.agahpardazan.ir/upload/3346847982980.jpg\"]','[{\"key\":\"وضعیت\",\"value\":\"کار کرده\"},{\"key\":\"ابعاد\",\"value\":\"153*94\"}]',1,6014,'[]'),(134,21,'تخته وایت برد','سالم-دیواری بدون پایه',1500000,'1673425165937','[\"https://shop-cdn.agahpardazan.ir/upload/3346850331936.jpg\",\"https://shop-cdn.agahpardazan.ir/upload/3346850332184.jpg\"]','[{\"key\":\"وضعیت\",\"value\":\"کار کرده\"},{\"key\":\"ابعاد\",\"value\":\"153*94\"}]',1,6014,'[]'),(135,21,'6014','سالم-دیواری بدون پایه',1500000,'1673428971477','[\"https://shop-cdn.agahpardazan.ir/upload/3346857942976.jpg\",\"https://shop-cdn.agahpardazan.ir/upload/3346857943346.jpg\"]','[{\"key\":\"وضعیت\",\"value\":\"کار کرده\"},{\"key\":\"ابعاد\",\"value\":\"153*94\"}]',1,6014,'[]'),(136,21,'تخته وایت برد','سالم-دیواری بدون پایه',500000,'1673429065475','[\"https://shop-cdn.agahpardazan.ir/upload/3346858131128.jpg\",\"https://shop-cdn.agahpardazan.ir/upload/3346858131348.jpg\"]','[{\"key\":\"وضعیت\",\"value\":\"کار کرده\"},{\"key\":\"ابعاد\",\"value\":\"120*100\"}]',1,5811,'[]'),(137,2,'تخته وایت برد','سالم-دیواری بدون پایه',1500000,'1673429185543','[\"https://shop-cdn.agahpardazan.ir/upload/3346858371250.jpg\",\"https://shop-cdn.agahpardazan.ir/upload/3346858371474.jpg\"]','[{\"key\":\"وضعیت\",\"value\":\"کار کرده\"},{\"key\":\"ابعاد\",\"value\":\"200*75\"}]',1,5775,'[]'),(138,15,'میزگرد پلاستیکی','لبه دور میر مقدار خیلی کمی شکسته',1500000,'1673429954957','[\"https://shop-cdn.agahpardazan.ir/upload/3346859909734.jpg\",\"https://shop-cdn.agahpardazan.ir/upload/3346859910032.jpg\",\"https://shop-cdn.agahpardazan.ir/upload/3346859910328.jpg\"]','[{\"key\":\"وضعیت\",\"value\":\"کار کرده\"},{\"key\":\"رنگ\",\"value\":\"کرم\"},{\"key\":\"متریال\",\"value\":\"پلاستیک\"}]',1,5822,'[]'),(139,15,'میزگرد پلاستیکی','سالم',1500000,'1673430063254','[\"https://shop-cdn.agahpardazan.ir/upload/3346860126270.jpg\",\"https://shop-cdn.agahpardazan.ir/upload/3346860126562.jpg\",\"https://shop-cdn.agahpardazan.ir/upload/3346860126910.jpg\"]','[{\"key\":\"وضعیت\",\"value\":\"کار کرده\"},{\"key\":\"رنگ\",\"value\":\"کرم\"},{\"key\":\"متریال\",\"value\":\"پلاستیک\"}]',1,5823,'[]'),(140,14,'پرینتر کوچک','سالم',700000,'1673431638717','[\"https://shop-cdn.agahpardazan.ir/upload/3346863277350.jpg\",\"https://shop-cdn.agahpardazan.ir/upload/3346863277616.jpg\",\"https://shop-cdn.agahpardazan.ir/upload/3346863277878.jpg\"]','[{\"key\":\"وضعیت\",\"value\":\"کار کرده\"},{\"key\":\"برند\",\"value\":\"HP\"},{\"key\":\"مدل\",\"value\":\"m127fw\"},{\"key\":\"رنگ\",\"value\":\"مشکی\"}]',1,5865,'[]'),(141,14,'پرینتر کوچک','سالم',700000,'1673432115614','[\"https://shop-cdn.agahpardazan.ir/upload/3346864231196.jpg\",\"https://shop-cdn.agahpardazan.ir/upload/3346864231436.jpg\",\"https://shop-cdn.agahpardazan.ir/upload/3346864231702.jpg\"]','[{\"key\":\"وضعیت\",\"value\":\"کار کرده\"},{\"key\":\"برند\",\"value\":\"HP\"},{\"key\":\"مدل\",\"value\":\"m127fw\"},{\"key\":\"رنگ\",\"value\":\"مشکی\"}]',1,5882,'[]'),(142,10,'یخچال معمولی','سالم-یخچال خانگی ایستاده',25000000,'1673436052519','[\"https://shop-cdn.agahpardazan.ir/upload/3346872104268.jpg\",\"https://shop-cdn.agahpardazan.ir/upload/3346872104704.jpg\",\"https://shop-cdn.agahpardazan.ir/upload/3346872105166.jpg\",\"https://shop-cdn.agahpardazan.ir/upload/3346872105570.jpg\"]','[{\"key\":\"وضعیت\",\"value\":\"کار کرده\"},{\"key\":\"برند\",\"value\":\"امرسان\"},{\"key\":\"مدل\",\"value\":\"سری2\"}]',1,5800,'[]'),(143,19,'قالیچه ','سالم-قالیچه  طرح لاکی',3000000,'1673436292473','[\"https://shop-cdn.agahpardazan.ir/upload/3346872584558.jpg\",\"https://shop-cdn.agahpardazan.ir/upload/3346872584850.jpg\",\"https://shop-cdn.agahpardazan.ir/upload/3346872585130.jpg\",\"https://shop-cdn.agahpardazan.ir/upload/3346872585522.jpg\"]','[{\"key\":\"وضعیت\",\"value\":\"کار کرده\"},{\"key\":\"ابعاد\",\"value\":\"169*127\"}]',1,4662,'[]'),(144,20,'گاو صندوق','سالم',5000000,'1673436511725','[\"https://shop-cdn.agahpardazan.ir/upload/3346873023280.jpg\",\"https://shop-cdn.agahpardazan.ir/upload/3346873023554.jpg\",\"https://shop-cdn.agahpardazan.ir/upload/3346873023782.jpg\",\"https://shop-cdn.agahpardazan.ir/upload/3346873024014.jpg\"]','[{\"key\":\"وضعیت\",\"value\":\"کار کرده\"},{\"key\":\"برند\",\"value\":\"کاوه\"},{\"key\":\"مدل\",\"value\":\"مینی\"},{\"key\":\"رنگ\",\"value\":\"مشکی\"}]',1,5652,'[]'),(145,15,'میزگرد چوبی بزرگ','سالم',4000000,'1673436649077','[\"https://shop-cdn.agahpardazan.ir/upload/3346873298314.jpg\",\"https://shop-cdn.agahpardazan.ir/upload/3346873298552.jpg\",\"https://shop-cdn.agahpardazan.ir/upload/3346873298740.jpg\"]','[{\"key\":\"وضعیت\",\"value\":\"کار کرده\"},{\"key\":\"رنگ\",\"value\":\"قهوه ای روشن\"},{\"key\":\"پایه\",\"value\":\"گرد چوبی\"},{\"key\":\"صفحه\",\"value\":\"چوبی\"}]',1,6030,'[]'),(146,21,'وایت برد شیشه ای بزرگ','سالم-پشت چوب رو شیشه',5000000,'1673436785572','[\"https://shop-cdn.agahpardazan.ir/upload/3346873571596.jpg\",\"https://shop-cdn.agahpardazan.ir/upload/3346873571666.jpg\",\"https://shop-cdn.agahpardazan.ir/upload/3346873571736.jpg\"]','[{\"key\":\"وضعیت\",\"value\":\"کار کرده\"},{\"key\":\"ابعاد\",\"value\":\"200*100\"}]',1,3448,'[]'),(147,21,'وایت برد شیشه ای بزرگ','سالم-پشت چوب رو شیشه',5000000,'1673436882859','[\"https://shop-cdn.agahpardazan.ir/upload/3346873766166.jpg\",\"https://shop-cdn.agahpardazan.ir/upload/3346873766258.jpg\",\"https://shop-cdn.agahpardazan.ir/upload/3346873766320.jpg\"]','[{\"key\":\"وضعیت\",\"value\":\"کار کرده\"},{\"key\":\"ابعاد\",\"value\":\"170*100\"}]',1,3449,'[]'),(148,21,'وایت برد شیشه ای بزرگ','سالم-پشت چوب رو شیشه',5000000,'1673436979192','[\"https://shop-cdn.agahpardazan.ir/upload/3346873958904.jpg\",\"https://shop-cdn.agahpardazan.ir/upload/3346873958952.jpg\",\"https://shop-cdn.agahpardazan.ir/upload/3346873958992.jpg\"]','[{\"key\":\"وضعیت\",\"value\":\"کار کرده\"},{\"key\":\"ابعاد\",\"value\":\"200*100\"}]',1,3450,'[]'),(149,11,'شربت سرد کن ','سالم-تک مخزنه',3500000,'1673437464372','[\"https://shop-cdn.agahpardazan.ir/upload/3346874928768.jpg\",\"https://shop-cdn.agahpardazan.ir/upload/3346874929050.jpg\",\"https://shop-cdn.agahpardazan.ir/upload/3346874929348.jpg\"]','[{\"key\":\"وضعیت\",\"value\":\"کار کرده\"},{\"key\":\"برند\",\"value\":\"گروه صنعتی برادران\"}]',1,4613,'[]'),(150,16,'صندلی مدیریتی','سالم-صندلی بزرگ و پهن',3500000,'1673437567684','[\"https://shop-cdn.agahpardazan.ir/upload/3346875135356.jpg\",\"https://shop-cdn.agahpardazan.ir/upload/3346875135570.jpg\",\"https://shop-cdn.agahpardazan.ir/upload/3346875135776.jpg\",\"https://shop-cdn.agahpardazan.ir/upload/3346875135976.jpg\"]','[{\"key\":\"وضعیت\",\"value\":\"کار کرده\"},{\"key\":\"رنگ\",\"value\":\"قهوه ای\"}]',1,5643,'[]'),(151,16,'صندلی مدیریتی','سالم-صندلی بزرگ پهن',3500000,'1673437631148','[\"https://shop-cdn.agahpardazan.ir/upload/3346875261800.jpg\",\"https://shop-cdn.agahpardazan.ir/upload/3346875262330.jpg\",\"https://shop-cdn.agahpardazan.ir/upload/3346875262618.jpg\",\"https://shop-cdn.agahpardazan.ir/upload/3346875262892.jpg\"]','[{\"key\":\"وضعیت\",\"value\":\"کار کرده\"},{\"key\":\"رنگ\",\"value\":\"قهوه ای\"}]',1,5693,'[]'),(152,16,'صندلی مدیریتی','سالم-صندلی بزرگ قهوه ای',3500000,'1673437716092','[\"https://shop-cdn.agahpardazan.ir/upload/3346875432100.jpg\",\"https://shop-cdn.agahpardazan.ir/upload/3346875432290.jpg\",\"https://shop-cdn.agahpardazan.ir/upload/3346875432500.jpg\",\"https://shop-cdn.agahpardazan.ir/upload/3346875432800.jpg\"]','[{\"key\":\"وضعیت\",\"value\":\"کار کرده\"},{\"key\":\"رنگ\",\"value\":\"قهوه ای\"}]',1,5702,'[]'),(153,16,'صندلی مدیریتی','سالم-صندلی بزرگ پهن',3500000,'1673437781251','[\"https://shop-cdn.agahpardazan.ir/upload/3346875562188.jpg\",\"https://shop-cdn.agahpardazan.ir/upload/3346875562478.jpg\",\"https://shop-cdn.agahpardazan.ir/upload/3346875562766.jpg\",\"https://shop-cdn.agahpardazan.ir/upload/3346875563106.jpg\"]','[{\"key\":\"وضعیت\",\"value\":\"کار کرده\"},{\"key\":\"رنگ\",\"value\":\"قهوه ای\"}]',1,5733,'[]'),(154,13,'تلفن','سالم-تلفن سیمی ',1000000,'1673438037431','[\"https://shop-cdn.agahpardazan.ir/upload/3346876075196.jpg\",\"https://shop-cdn.agahpardazan.ir/upload/3346876075480.jpg\"]','[{\"key\":\"وضعیت\",\"value\":\"کار کرده\"},{\"key\":\"مدل\",\"value\":\"HOH\"}]',1,5645,'[]'),(155,13,'تلفن بیسیم پاناسونیک','سالم-تلفن بیسیم پاناسونیک',3500000,'1673438108482','[\"https://shop-cdn.agahpardazan.ir/upload/3346876217580.jpg\"]','[{\"key\":\"وضعیت\",\"value\":\"کار کرده\"}]',1,5851,'[]'),(156,13,'تلفن بیسیم پاناسونیک','سالم-تلفن بیسیم پاناسونیک',3500000,'1673438175009','[\"https://shop-cdn.agahpardazan.ir/upload/3346876350622.jpg\"]','[{\"key\":\"وضعیت\",\"value\":\"کار کرده\"}]',1,5657,'[]'),(157,13,'تلفن ثابت','سالم-تلفن ثابت مدل yealink t19 e2',1000000,'1673438261750','[\"https://shop-cdn.agahpardazan.ir/upload/3346876523742.jpg\",\"https://shop-cdn.agahpardazan.ir/upload/3346876524088.jpg\"]','[{\"key\":\"وضعیت\",\"value\":\"کار کرده\"}]',1,5918,'[]'),(158,13,'تلفن ثابت','سالم-تلفن ثابت مدل yealink t19 e2',1000000,'1673438307940','[\"https://shop-cdn.agahpardazan.ir/upload/3346876616278.jpg\",\"https://shop-cdn.agahpardazan.ir/upload/3346876616508.jpg\"]','[{\"key\":\"وضعیت\",\"value\":\"کار کرده\"}]',1,5919,'[]'),(159,13,'تلفن ثابت','سالم-مدل yealink t23p',1000000,'1673438378747','[\"https://shop-cdn.agahpardazan.ir/upload/3346876758122.jpg\"]','[{\"key\":\"وضعیت\",\"value\":\"کار کرده\"}]',1,5920,'[]'),(160,13,'تلفن ثابت','سالم-مدل yealink t19 e2',1000000,'1673438456757','[\"https://shop-cdn.agahpardazan.ir/upload/3346876913484.jpg\",\"https://shop-cdn.agahpardazan.ir/upload/3346876913848.jpg\",\"https://shop-cdn.agahpardazan.ir/upload/3346876914140.jpg\"]','[{\"key\":\"وضعیت\",\"value\":\"نیاز به تعمیر\"}]',1,5923,'[]'),(161,13,'تلفن ثابت','سالم-مدل newrock',1000000,'1673438536936','[\"https://shop-cdn.agahpardazan.ir/upload/3346877074264.jpg\",\"https://shop-cdn.agahpardazan.ir/upload/3346877074488.jpg\"]','[{\"key\":\"وضعیت\",\"value\":\"کار کرده\"}]',1,5727,'[]'),(162,13,'تلفن ثابت','سالم-مدل yealink t19 e2',1000000,'1673438763129','[\"https://shop-cdn.agahpardazan.ir/upload/3346877526896.jpg\"]','[{\"key\":\"وضعیت\",\"value\":\"کار کرده\"}]',1,5738,'[]'),(163,13,'تلفن ثابت','سالم-newrock',1000000,'1673681874404','[\"https://shop-cdn.agahpardazan.ir/upload/3347363747674.jpg\",\"https://shop-cdn.agahpardazan.ir/upload/3347363747964.jpg\",\"https://shop-cdn.agahpardazan.ir/upload/3347363748266.jpg\"]','[{\"key\":\"وضعیت\",\"value\":\"کار کرده\"}]',1,5848,'[]'),(168,15,'میز اداری','سالم',1500000,'1673696264217','[\"https://shop-cdn.agahpardazan.ir/upload/3347392526690.jpg\",\"https://shop-cdn.agahpardazan.ir/upload/3347392527116.jpg\",\"https://shop-cdn.agahpardazan.ir/upload/3347392527280.jpg\",\"https://shop-cdn.agahpardazan.ir/upload/3347392527484.jpg\",\"https://shop-cdn.agahpardazan.ir/upload/3347392527714.jpg\",\"https://shop-cdn.agahpardazan.ir/upload/3347392527868.jpg\",\"https://shop-cdn.agahpardazan.ir/upload/3347392527938.jpg\",\"https://shop-cdn.agahpardazan.ir/upload/3347392528278.jpg\"]','[{\"key\":\"وضعیت\",\"value\":\"کار کرده\"},{\"key\":\"ابعاد\",\"value\":\"160*60\"},{\"key\":\"پایه\",\"value\":\"فلزی\"},{\"key\":\"صفحه\",\"value\":\"چوبی\"}]',1,6013,'[]'),(169,15,'میز اداری','سالم',1500000,'1673860696629','[\"https://shop-cdn.agahpardazan.ir/upload/3347721393074.jpg\",\"https://shop-cdn.agahpardazan.ir/upload/3347721393460.jpg\",\"https://shop-cdn.agahpardazan.ir/upload/3347721393538.jpg\"]','[{\"key\":\"وضعیت\",\"value\":\"کار کرده\"},{\"key\":\"ابعاد\",\"value\":\"120*60\"},{\"key\":\"پایه\",\"value\":\"چوبی\"},{\"key\":\"صفحه\",\"value\":\"چوبی\"}]',1,6012,'[]'),(170,15,'میز اداری','سالم',1500000,'1673860776302','[\"https://shop-cdn.agahpardazan.ir/upload/3347721552468.jpg\",\"https://shop-cdn.agahpardazan.ir/upload/3347721552818.jpg\",\"https://shop-cdn.agahpardazan.ir/upload/3347721552888.jpg\"]','[{\"key\":\"وضعیت\",\"value\":\"کار کرده\"},{\"key\":\"ابعاد\",\"value\":\"160*60\"},{\"key\":\"پایه\",\"value\":\"فلزی\"},{\"key\":\"صفحه\",\"value\":\"چوبی\"}]',1,6011,'[]'),(171,15,'میز اداری','سالم',1500000,'1673860863020','[\"https://shop-cdn.agahpardazan.ir/upload/3347721726052.jpg\",\"https://shop-cdn.agahpardazan.ir/upload/3347721726270.jpg\",\"https://shop-cdn.agahpardazan.ir/upload/3347721726322.jpg\"]','[{\"key\":\"وضعیت\",\"value\":\"کار کرده\"},{\"key\":\"ابعاد\",\"value\":\"120*60\"},{\"key\":\"پایه\",\"value\":\"فلزی\"},{\"key\":\"صفحه\",\"value\":\"چوبی\"}]',1,6010,'[]'),(172,15,'میز اداری','سالم',1500000,'1673860968570','[\"https://shop-cdn.agahpardazan.ir/upload/3347721936848.jpg\",\"https://shop-cdn.agahpardazan.ir/upload/3347721937350.jpg\",\"https://shop-cdn.agahpardazan.ir/upload/3347721937416.jpg\"]','[{\"key\":\"وضعیت\",\"value\":\"کار کرده\"},{\"key\":\"ابعاد\",\"value\":\"160*60\"},{\"key\":\"پایه\",\"value\":\"فلزی\"},{\"key\":\"صفحه\",\"value\":\"چوبی\"}]',1,6009,'[]'),(173,15,'میز اداری','سالم',1500000,'1673861073632','[\"https://shop-cdn.agahpardazan.ir/upload/3347722147230.jpg\",\"https://shop-cdn.agahpardazan.ir/upload/3347722147472.jpg\",\"https://shop-cdn.agahpardazan.ir/upload/3347722147538.jpg\"]','[{\"key\":\"وضعیت\",\"value\":\"کار کرده\"},{\"key\":\"ابعاد\",\"value\":\"160*60\"},{\"key\":\"پایه\",\"value\":\"فلزی\"},{\"key\":\"صفحه\",\"value\":\"چوبی\"}]',1,6008,'[]'),(174,15,'میز اداری','سالم',1500000,'1673861154223','[\"https://shop-cdn.agahpardazan.ir/upload/3347722308374.jpg\",\"https://shop-cdn.agahpardazan.ir/upload/3347722308684.jpg\",\"https://shop-cdn.agahpardazan.ir/upload/3347722308734.jpg\"]','[{\"key\":\"وضعیت\",\"value\":\"کار کرده\"},{\"key\":\"ابعاد\",\"value\":\"160*60\"},{\"key\":\"پایه\",\"value\":\"فلزی\"},{\"key\":\"صفحه\",\"value\":\"چوبی\"}]',1,6007,'[]'),(175,15,'میز اداری','سالم',1500000,'1673861221813','[\"https://shop-cdn.agahpardazan.ir/upload/3347722443520.jpg\",\"https://shop-cdn.agahpardazan.ir/upload/3347722443832.jpg\",\"https://shop-cdn.agahpardazan.ir/upload/3347722443900.jpg\"]','[{\"key\":\"وضعیت\",\"value\":\"کار کرده\"},{\"key\":\"ابعاد\",\"value\":\"120*60\"},{\"key\":\"پایه\",\"value\":\"فلزی\"},{\"key\":\"صفحه\",\"value\":\"چوبی\"}]',1,6006,'[]'),(176,15,'میز اداری','سالم',1500000,'1673861337310','[\"https://shop-cdn.agahpardazan.ir/upload/3347722674212.jpg\",\"https://shop-cdn.agahpardazan.ir/upload/3347722674464.jpg\",\"https://shop-cdn.agahpardazan.ir/upload/3347722674846.jpg\",\"https://shop-cdn.agahpardazan.ir/upload/3347722674894.jpg\"]','[{\"key\":\"وضعیت\",\"value\":\"کار کرده\"},{\"key\":\"ابعاد\",\"value\":\"160*60\"},{\"key\":\"پایه\",\"value\":\"فلزی\"},{\"key\":\"صفحه\",\"value\":\"چوبی\"}]',1,6005,'[]'),(177,15,'میز اداری','سالم',1500000,'1673861444427','[\"https://shop-cdn.agahpardazan.ir/upload/3347722888768.jpg\",\"https://shop-cdn.agahpardazan.ir/upload/3347722889084.jpg\",\"https://shop-cdn.agahpardazan.ir/upload/3347722889142.jpg\"]','[{\"key\":\"وضعیت\",\"value\":\"کار کرده\"},{\"key\":\"ابعاد\",\"value\":\"120*60\"},{\"key\":\"پایه\",\"value\":\"فلزی\"},{\"key\":\"صفحه\",\"value\":\"چوبی\"}]',1,6004,'[]'),(178,15,'میز اداری','سالم',1500000,'1673861594006','[\"https://shop-cdn.agahpardazan.ir/upload/3347723187942.jpg\",\"https://shop-cdn.agahpardazan.ir/upload/3347723188240.jpg\",\"https://shop-cdn.agahpardazan.ir/upload/3347723188298.jpg\"]','[{\"key\":\"وضعیت\",\"value\":\"کار کرده\"},{\"key\":\"ابعاد\",\"value\":\"160*60\"},{\"key\":\"پایه\",\"value\":\"فلزی\"},{\"key\":\"صفحه\",\"value\":\"چوبی\"}]',1,6003,'[]'),(179,15,'میز اداری','سالم',1500000,'1673861665362','[\"https://shop-cdn.agahpardazan.ir/upload/3347723330304.jpg\",\"https://shop-cdn.agahpardazan.ir/upload/3347723330738.jpg\",\"https://shop-cdn.agahpardazan.ir/upload/3347723330958.jpg\",\"https://shop-cdn.agahpardazan.ir/upload/3347723331014.jpg\"]','[{\"key\":\"وضعیت\",\"value\":\"کار کرده\"},{\"key\":\"ابعاد\",\"value\":\"160*60\"},{\"key\":\"پایه\",\"value\":\"فلزی\"},{\"key\":\"صفحه\",\"value\":\"جوبی\"}]',1,6002,'[]'),(180,15,'میز اداری','سالم',1500000,'1673861747787','[\"https://shop-cdn.agahpardazan.ir/upload/3347723495478.jpg\",\"https://shop-cdn.agahpardazan.ir/upload/3347723495808.jpg\",\"https://shop-cdn.agahpardazan.ir/upload/3347723495858.jpg\"]','[{\"key\":\"وضعیت\",\"value\":\"کار کرده\"},{\"key\":\"ابعاد\",\"value\":\"160*60\"},{\"key\":\"پایه\",\"value\":\"فلزی\"},{\"key\":\"صفحه\",\"value\":\"چوبی\"}]',1,6001,'[]'),(181,15,'میز اداری','سالم',1500000,'1673861834174','[\"https://shop-cdn.agahpardazan.ir/upload/3347723668282.jpg\",\"https://shop-cdn.agahpardazan.ir/upload/3347723668574.jpg\",\"https://shop-cdn.agahpardazan.ir/upload/3347723668640.jpg\"]','[{\"key\":\"وضعیت\",\"value\":\"کار کرده\"},{\"key\":\"ابعاد\",\"value\":\"160*60\"},{\"key\":\"پایه\",\"value\":\"فلزی\"},{\"key\":\"صفحه\",\"value\":\"چوبی\"}]',1,6000,'[]'),(182,15,'میز اداری','سالم',1500000,'1673862034737','[\"https://shop-cdn.agahpardazan.ir/upload/3347724069142.jpg\",\"https://shop-cdn.agahpardazan.ir/upload/3347724069426.jpg\",\"https://shop-cdn.agahpardazan.ir/upload/3347724069694.jpg\",\"https://shop-cdn.agahpardazan.ir/upload/3347724069764.jpg\"]','[{\"key\":\"وضعیت\",\"value\":\"کار کرده\"},{\"key\":\"ابعاد\",\"value\":\"160*60\"},{\"key\":\"پایه\",\"value\":\"فلزی\"},{\"key\":\"صفحه\",\"value\":\"چوبی\"}]',1,5999,'[]'),(183,15,'میز اداری','سالم',1500000,'1673862182441','[\"https://shop-cdn.agahpardazan.ir/upload/3347724364876.jpg\",\"https://shop-cdn.agahpardazan.ir/upload/3347724365136.jpg\",\"https://shop-cdn.agahpardazan.ir/upload/3347724365182.jpg\"]','[{\"key\":\"وضعیت\",\"value\":\"کار کرده\"},{\"key\":\"ابعاد\",\"value\":\"1500000\"},{\"key\":\"پایه\",\"value\":\"فلزی\"},{\"key\":\"صفحه\",\"value\":\"چوبی\"}]',1,5998,'[]'),(184,15,'میز اداری','سالم',1500000,'1673862308657','[\"https://shop-cdn.agahpardazan.ir/upload/3347724617310.jpg\",\"https://shop-cdn.agahpardazan.ir/upload/3347724617560.jpg\",\"https://shop-cdn.agahpardazan.ir/upload/3347724617616.jpg\"]','[{\"key\":\"وضعیت\",\"value\":\"کار کرده\"},{\"key\":\"ابعاد\",\"value\":\"160*60\"},{\"key\":\"پایه\",\"value\":\"فلزی\"},{\"key\":\"صفحه\",\"value\":\"چوبی\"}]',1,5997,'[]'),(185,15,'میز اداری','سالم',1500000,'1673862456352','[\"https://shop-cdn.agahpardazan.ir/upload/3347724912708.jpg\",\"https://shop-cdn.agahpardazan.ir/upload/3347724912940.jpg\",\"https://shop-cdn.agahpardazan.ir/upload/3347724913000.jpg\"]','[{\"key\":\"وضعیت\",\"value\":\"کار کرده\"},{\"key\":\"ابعاد\",\"value\":\"160*60\"},{\"key\":\"پایه\",\"value\":\"فلزی\"},{\"key\":\"صفحه\",\"value\":\"چوبی\"}]',1,5996,'[]'),(186,15,'میز اداری','سالم',1500000,'1673862537470','[\"https://shop-cdn.agahpardazan.ir/upload/3347725074602.jpg\",\"https://shop-cdn.agahpardazan.ir/upload/3347725074972.jpg\",\"https://shop-cdn.agahpardazan.ir/upload/3347725075204.jpg\",\"https://shop-cdn.agahpardazan.ir/upload/3347725075240.jpg\"]','[{\"key\":\"وضعیت\",\"value\":\"کار کرده\"},{\"key\":\"ابعاد\",\"value\":\"160*60\"},{\"key\":\"پایه\",\"value\":\"فلزی\"},{\"key\":\"صفحه\",\"value\":\"چوبی\"}]',1,5995,'[]'),(187,15,'میز اداری','سالم',1500000,'1673862608917','[\"https://shop-cdn.agahpardazan.ir/upload/3347725217588.jpg\",\"https://shop-cdn.agahpardazan.ir/upload/3347725217846.jpg\",\"https://shop-cdn.agahpardazan.ir/upload/3347725218072.jpg\",\"https://shop-cdn.agahpardazan.ir/upload/3347725218136.jpg\"]','[{\"key\":\"وضعیت\",\"value\":\"کار کرده\"},{\"key\":\"ابعاد\",\"value\":\"160*60\"},{\"key\":\"پایه\",\"value\":\"فلزی\"},{\"key\":\"صفحه\",\"value\":\"چوبی\"}]',1,5994,'[]'),(188,15,'میز اداری','سالم',1500000,'1673862692527','[\"https://shop-cdn.agahpardazan.ir/upload/3347725384972.jpg\",\"https://shop-cdn.agahpardazan.ir/upload/3347725385310.jpg\",\"https://shop-cdn.agahpardazan.ir/upload/3347725385356.jpg\"]','[{\"key\":\"وضعیت\",\"value\":\"کار کرده\"},{\"key\":\"ابعاد\",\"value\":\"160*60\"},{\"key\":\"پایه\",\"value\":\"فلزی\"},{\"key\":\"صفحه\",\"value\":\"چوبی\"}]',1,5993,'[]'),(189,15,'میز اداری','سالم',1500000,'1673862778093','[\"https://shop-cdn.agahpardazan.ir/upload/3347725556146.jpg\",\"https://shop-cdn.agahpardazan.ir/upload/3347725556446.jpg\",\"https://shop-cdn.agahpardazan.ir/upload/3347725556492.jpg\"]','[{\"key\":\"وضعیت\",\"value\":\"کار کرده\"},{\"key\":\"ابعاد\",\"value\":\"160*60\"},{\"key\":\"پایه\",\"value\":\"فلزی\"},{\"key\":\"صفحه\",\"value\":\"چوبی\"}]',1,5992,'[]'),(190,15,'میز اداری','سالم',1500000,'1673862877575','[\"https://shop-cdn.agahpardazan.ir/upload/3347725754762.jpg\",\"https://shop-cdn.agahpardazan.ir/upload/3347725755072.jpg\",\"https://shop-cdn.agahpardazan.ir/upload/3347725755358.jpg\",\"https://shop-cdn.agahpardazan.ir/upload/3347725755450.jpg\"]','[{\"key\":\"وضعیت\",\"value\":\"کار کرده\"},{\"key\":\"ابعاد\",\"value\":\"160*60\"},{\"key\":\"پایه\",\"value\":\"فلزی\"},{\"key\":\"صفحه\",\"value\":\"چوبی\"}]',1,5991,'[]'),(191,15,'میز اداری','سالم',1500000,'1673863576399','[\"https://shop-cdn.agahpardazan.ir/upload/3347727152622.jpg\",\"https://shop-cdn.agahpardazan.ir/upload/3347727153056.jpg\",\"https://shop-cdn.agahpardazan.ir/upload/3347727153114.jpg\"]','[{\"key\":\"وضعیت\",\"value\":\"کار کرده\"},{\"key\":\"ابعاد\",\"value\":\"160*60\"},{\"key\":\"پایه\",\"value\":\"فلزی\"},{\"key\":\"صفحه\",\"value\":\"چوبی\"}]',1,5990,'[]'),(192,15,'میز اداری','سالم',1500000,'1673863691054','[\"https://shop-cdn.agahpardazan.ir/upload/3347727381760.jpg\",\"https://shop-cdn.agahpardazan.ir/upload/3347727382370.jpg\",\"https://shop-cdn.agahpardazan.ir/upload/3347727382416.jpg\"]','[{\"key\":\"وضعیت\",\"value\":\"کار کرده\"},{\"key\":\"ابعاد\",\"value\":\"160*60\"},{\"key\":\"پایه\",\"value\":\"فلزی\"},{\"key\":\"صفحه\",\"value\":\"چوبی\"}]',1,5989,'[]'),(193,15,'میز اداری','سالم',1500000,'1673880573506','[\"https://shop-cdn.agahpardazan.ir/upload/3347761147424.jpg\",\"https://shop-cdn.agahpardazan.ir/upload/3347761147686.jpg\",\"https://shop-cdn.agahpardazan.ir/upload/3347761147758.jpg\"]','[{\"key\":\"وضعیت\",\"value\":\"کار کرده\"},{\"key\":\"ابعاد\",\"value\":\"160*60\"},{\"key\":\"پایه\",\"value\":\"فلزی\"},{\"key\":\"صفحه\",\"value\":\"چوبی\"}]',1,5987,'[]'),(194,15,'میز اداری','سالم',1500000,'1673880694442','[\"https://shop-cdn.agahpardazan.ir/upload/3347761389340.jpg\",\"https://shop-cdn.agahpardazan.ir/upload/3347761389572.jpg\",\"https://shop-cdn.agahpardazan.ir/upload/3347761389638.jpg\"]','[{\"key\":\"وضعیت\",\"value\":\"کار کرده\"},{\"key\":\"ابعاد\",\"value\":\"160*60\"},{\"key\":\"پایه\",\"value\":\"فلزی\"},{\"key\":\"صفحه\",\"value\":\"چوبی\"}]',1,5986,'[]'),(195,15,'میز اداری','سالم',1500000,'1673880791885','[\"https://shop-cdn.agahpardazan.ir/upload/3347761583992.jpg\",\"https://shop-cdn.agahpardazan.ir/upload/3347761584448.jpg\",\"https://shop-cdn.agahpardazan.ir/upload/3347761584528.jpg\"]','[{\"key\":\"وضعیت\",\"value\":\"کار کرده\"},{\"key\":\"ابعاد\",\"value\":\"160*60\"},{\"key\":\"پایه\",\"value\":\"فلزی\"},{\"key\":\"صفحه\",\"value\":\"چوبی\"}]',1,5986,'[]'),(196,15,'میز اداری','سالم',1500000,'1673880892512','[\"https://shop-cdn.agahpardazan.ir/upload/3347761785334.jpg\",\"https://shop-cdn.agahpardazan.ir/upload/3347761785702.jpg\",\"https://shop-cdn.agahpardazan.ir/upload/3347761785778.jpg\"]','[{\"key\":\"وضعیت\",\"value\":\"کار کرده\"},{\"key\":\"ابعاد\",\"value\":\"160*60\"},{\"key\":\"پایه\",\"value\":\"فلزی\"},{\"key\":\"صفحه\",\"value\":\"چوبی\"}]',1,5985,'[]'),(197,15,'میز اداری','سالم',1500000,'1673881002187','[\"https://shop-cdn.agahpardazan.ir/upload/3347762004430.jpg\",\"https://shop-cdn.agahpardazan.ir/upload/3347762004728.jpg\",\"https://shop-cdn.agahpardazan.ir/upload/3347762005026.jpg\",\"https://shop-cdn.agahpardazan.ir/upload/3347762005130.jpg\"]','[{\"key\":\"وضعیت\",\"value\":\"کار کرده\"},{\"key\":\"ابعاد\",\"value\":\"160*60\"},{\"key\":\"پایه\",\"value\":\"فلزی\"},{\"key\":\"صفحه\",\"value\":\"چوبی\"}]',1,5983,'[]'),(198,15,'میز اداری','سالم',1500000,'1673881124118','[\"https://shop-cdn.agahpardazan.ir/upload/3347762248590.jpg\",\"https://shop-cdn.agahpardazan.ir/upload/3347762248920.jpg\",\"https://shop-cdn.agahpardazan.ir/upload/3347762248996.jpg\"]','[{\"key\":\"وضعیت\",\"value\":\"کار کرده\"},{\"key\":\"ابعاد\",\"value\":\"160*60\"},{\"key\":\"پایه\",\"value\":\"فلزی\"},{\"key\":\"صفحه\",\"value\":\"چوبی\"}]',1,5982,'[]'),(199,15,'میز اداری','سالم',1500000,'1673881219682','[\"https://shop-cdn.agahpardazan.ir/upload/3347762439646.jpg\",\"https://shop-cdn.agahpardazan.ir/upload/3347762440052.jpg\",\"https://shop-cdn.agahpardazan.ir/upload/3347762440130.jpg\"]','[{\"key\":\"وضعیت\",\"value\":\"کار کرده\"},{\"key\":\"ابعاد\",\"value\":\"160*60\"},{\"key\":\"پایه\",\"value\":\"فلزی\"},{\"key\":\"صفحه\",\"value\":\"چوبی\"}]',1,5979,'[]'),(200,15,'میز اداری','سالم',1500000,'1673881337610','[\"https://shop-cdn.agahpardazan.ir/upload/3347762675442.jpg\",\"https://shop-cdn.agahpardazan.ir/upload/3347762675908.jpg\",\"https://shop-cdn.agahpardazan.ir/upload/3347762675984.jpg\"]','[{\"key\":\"وضعیت\",\"value\":\"کار کرده\"},{\"key\":\"ابعاد\",\"value\":\"160*60\"},{\"key\":\"پایه\",\"value\":\"فلزی\"},{\"key\":\"صفحه\",\"value\":\"چوبی\"}]',1,5982,'[]'),(201,15,'میز اداری','سالم',1500000,'1673881495684','[\"https://shop-cdn.agahpardazan.ir/upload/3347762991748.jpg\",\"https://shop-cdn.agahpardazan.ir/upload/3347762992070.jpg\",\"https://shop-cdn.agahpardazan.ir/upload/3347762992134.jpg\"]','[{\"key\":\"وضعیت\",\"value\":\"کار کرده\"},{\"key\":\"ابعاد\",\"value\":\"160*60\"},{\"key\":\"پایه\",\"value\":\"فلزی\"},{\"key\":\"صفحه\",\"value\":\"چوبی\"}]',1,5981,'[]'),(202,15,'میز اداری','سالم',1500000,'1673881802763','[\"https://shop-cdn.agahpardazan.ir/upload/3347763605982.jpg\",\"https://shop-cdn.agahpardazan.ir/upload/3347763606246.jpg\",\"https://shop-cdn.agahpardazan.ir/upload/3347763606306.jpg\"]','[{\"key\":\"وضعیت\",\"value\":\"کار کرده\"},{\"key\":\"ابعاد\",\"value\":\"160*60\"},{\"key\":\"پایه\",\"value\":\"فلزی\"},{\"key\":\"صفحه\",\"value\":\"چوبی\"}]',1,5980,'[]'),(203,15,'میز اداری','سالم',1500000,'1673882700119','[\"https://shop-cdn.agahpardazan.ir/upload/3347765400626.jpg\",\"https://shop-cdn.agahpardazan.ir/upload/3347765400958.jpg\",\"https://shop-cdn.agahpardazan.ir/upload/3347765401036.jpg\"]','[{\"key\":\"وضعیت\",\"value\":\"کار کرده\"},{\"key\":\"ابعاد\",\"value\":\"160*60\"},{\"key\":\"پایه\",\"value\":\"فلزی\"},{\"key\":\"صفحه\",\"value\":\"چوبی\"}]',1,5979,'[]'),(204,15,'میز اداری','سالم',1500000,'1673883106790','[\"https://shop-cdn.agahpardazan.ir/upload/3347766213926.jpg\",\"https://shop-cdn.agahpardazan.ir/upload/3347766214306.jpg\",\"https://shop-cdn.agahpardazan.ir/upload/3347766214388.jpg\"]','[{\"key\":\"وضعیت\",\"value\":\"کار کرده\"},{\"key\":\"ابعاد\",\"value\":\"160*60\"},{\"key\":\"پایه\",\"value\":\"فلزی\"},{\"key\":\"صفحه\",\"value\":\"چوبی\"}]',1,5978,'[]'),(205,15,'میز اداری','سالم',1500000,'1673883303505','[\"https://shop-cdn.agahpardazan.ir/upload/3347766607466.jpg\",\"https://shop-cdn.agahpardazan.ir/upload/3347766607750.jpg\",\"https://shop-cdn.agahpardazan.ir/upload/3347766607820.jpg\"]','[{\"key\":\"وضعیت\",\"value\":\"کار کرده\"},{\"key\":\"ابعاد\",\"value\":\"160*60\"},{\"key\":\"پایه\",\"value\":\"فلزی\"},{\"key\":\"صفحه\",\"value\":\"چوبی\"}]',1,5977,'[]'),(206,15,'میز اداری','سالم',1500000,'1673883497776','[\"https://shop-cdn.agahpardazan.ir/upload/3347766995752.jpg\",\"https://shop-cdn.agahpardazan.ir/upload/3347766996218.jpg\",\"https://shop-cdn.agahpardazan.ir/upload/3347766996334.jpg\"]','[{\"key\":\"وضعیت\",\"value\":\"کار کرده\"},{\"key\":\"ابعاد\",\"value\":\"160*60\"},{\"key\":\"پایه\",\"value\":\"فلزی\"},{\"key\":\"صفحه\",\"value\":\"چوبی\"}]',1,5976,'[]'),(207,15,'میز اداری','سالم',1500000,'1673883759157','[\"https://shop-cdn.agahpardazan.ir/upload/3347767518726.jpg\",\"https://shop-cdn.agahpardazan.ir/upload/3347767518980.jpg\",\"https://shop-cdn.agahpardazan.ir/upload/3347767519052.jpg\"]','[{\"key\":\"وضعیت\",\"value\":\"کار کرده\"},{\"key\":\"ابعاد\",\"value\":\"160*60\"},{\"key\":\"پایه\",\"value\":\"فلزی\"},{\"key\":\"صفحه\",\"value\":\"چوبی\"}]',1,5809,'[]'),(208,15,'میز اداری','سالم',1500000,'1673883940955','[\"https://shop-cdn.agahpardazan.ir/upload/3347767882196.jpg\",\"https://shop-cdn.agahpardazan.ir/upload/3347767882530.jpg\",\"https://shop-cdn.agahpardazan.ir/upload/3347767882610.jpg\"]','[{\"key\":\"وضعیت\",\"value\":\"کار کرده\"},{\"key\":\"ابعاد\",\"value\":\"160*60\"},{\"key\":\"پایه\",\"value\":\"فلزی\"},{\"key\":\"صفحه\",\"value\":\"چوبی\"}]',1,5810,'[]'),(209,15,'میز اداری','سالم',1500000,'1673884163308','[\"https://shop-cdn.agahpardazan.ir/upload/3347768326786.jpg\",\"https://shop-cdn.agahpardazan.ir/upload/3347768327166.jpg\",\"https://shop-cdn.agahpardazan.ir/upload/3347768327250.jpg\"]','[{\"key\":\"وضعیت\",\"value\":\"کار کرده\"},{\"key\":\"ابعاد\",\"value\":\"160*60\"},{\"key\":\"پایه\",\"value\":\"فلزی\"},{\"key\":\"صفحه\",\"value\":\"چوبی\"}]',1,5809,'[]'),(210,15,'میز اداری','سالم',1500000,'1673884472913','[\"https://shop-cdn.agahpardazan.ir/upload/3347768946056.jpg\",\"https://shop-cdn.agahpardazan.ir/upload/3347768946346.jpg\",\"https://shop-cdn.agahpardazan.ir/upload/3347768946416.jpg\"]','[{\"key\":\"وضعیت\",\"value\":\"کار کرده\"},{\"key\":\"ابعاد\",\"value\":\"160*60\"},{\"key\":\"پایه\",\"value\":\"فلزی\"},{\"key\":\"صفحه\",\"value\":\"چوبی\"}]',1,5808,'[]'),(211,15,'میز اداری','سالم',1500000,'1673884645338','[\"https://shop-cdn.agahpardazan.ir/upload/3347769290762.jpg\",\"https://shop-cdn.agahpardazan.ir/upload/3347769291144.jpg\",\"https://shop-cdn.agahpardazan.ir/upload/3347769291234.jpg\"]','[{\"key\":\"وضعیت\",\"value\":\"کار کرده\"},{\"key\":\"ابعاد\",\"value\":\"160*60\"},{\"key\":\"پایه\",\"value\":\"فلزی\"},{\"key\":\"صفحه\",\"value\":\"چوبی\"}]',1,5807,'[]'),(212,15,'میز اداری','سالم',1500000,'1673884830032','[\"https://shop-cdn.agahpardazan.ir/upload/3347769660278.jpg\",\"https://shop-cdn.agahpardazan.ir/upload/3347769660526.jpg\",\"https://shop-cdn.agahpardazan.ir/upload/3347769660594.jpg\"]','[{\"key\":\"وضعیت\",\"value\":\"کار کرده\"},{\"key\":\"ابعاد\",\"value\":\"\"},{\"key\":\"پایه\",\"value\":\"فلزی\"},{\"key\":\"صفحه\",\"value\":\"چوبی\"}]',1,5806,'[]'),(213,15,'میز اداری','سالم',1500000,'1673885011681','[\"https://shop-cdn.agahpardazan.ir/upload/3347770023420.jpg\",\"https://shop-cdn.agahpardazan.ir/upload/3347770023790.jpg\",\"https://shop-cdn.agahpardazan.ir/upload/3347770023872.jpg\"]','[{\"key\":\"وضعیت\",\"value\":\"کار کرده\"},{\"key\":\"ابعاد\",\"value\":\"160*60\"},{\"key\":\"پایه\",\"value\":\"فلزی\"},{\"key\":\"صفحه\",\"value\":\"چوبی\"}]',1,5773,'[]'),(214,15,'میز اداری','سالم',1500000,'1673885134554','[\"https://shop-cdn.agahpardazan.ir/upload/3347770269232.jpg\",\"https://shop-cdn.agahpardazan.ir/upload/3347770269522.jpg\",\"https://shop-cdn.agahpardazan.ir/upload/3347770269598.jpg\"]','[{\"key\":\"وضعیت\",\"value\":\"کار کرده\"},{\"key\":\"ابعاد\",\"value\":\"160*60\"},{\"key\":\"پایه\",\"value\":\"فلزی\"},{\"key\":\"صفحه\",\"value\":\"چوبی\"}]',1,5771,'[]'),(215,9,'کیس','سالم',52800000,'1673943629273','[\"https://shop-cdn.agahpardazan.ir/upload/3347887259660.jpg\",\"https://shop-cdn.agahpardazan.ir/upload/3347887259860.jpg\",\"https://shop-cdn.agahpardazan.ir/upload/3347887260138.jpg\"]','[{\"key\":\"وضعیت\",\"value\":\"کار کرده\"},{\"key\":\"Brand\",\"value\":\"Master Tech\"},{\"key\":\"Color\",\"value\":\"black\"},{\"key\":\"CPU\",\"value\":\"i5 8400\"},{\"key\":\"Ram\",\"value\":\"16\"},{\"key\":\"SSD\",\"value\":\"250 GB\"},{\"key\":\"HDD\",\"value\":\"1TB\"},{\"key\":\"Base Board\",\"value\":\"ASUS Z370\"},{\"key\":\"Type\",\"value\":\"Case\"}]',1,2618,'[]'),(216,9,'کیس','سالم',52800000,'1673943846796','[\"https://shop-cdn.agahpardazan.ir/upload/3347887694774.jpg\",\"https://shop-cdn.agahpardazan.ir/upload/3347887694978.jpg\",\"https://shop-cdn.agahpardazan.ir/upload/3347887695192.jpg\"]','[{\"key\":\"وضعیت\",\"value\":\"کار کرده\"},{\"key\":\"Brand\",\"value\":\"Master Tech\"},{\"key\":\"Color\",\"value\":\"Black\"},{\"key\":\"CPU\",\"value\":\"i5 8400\"},{\"key\":\"Ram\",\"value\":\"16\"},{\"key\":\"SSD\",\"value\":\"250 GB\"},{\"key\":\"HDD\",\"value\":\"1TB\"},{\"key\":\"Base Board\",\"value\":\"ASUS Z370\"},{\"key\":\"Type\",\"value\":\"Case\"}]',1,2617,'[]'),(217,9,'کیس','سالم',52800000,'1673944417952','[\"https://shop-cdn.agahpardazan.ir/upload/3347888837096.jpg\",\"https://shop-cdn.agahpardazan.ir/upload/3347888837320.jpg\",\"https://shop-cdn.agahpardazan.ir/upload/3347888837522.jpg\"]','[{\"key\":\"وضعیت\",\"value\":\"کار کرده\"},{\"key\":\"Brand\",\"value\":\"Master Tech\"},{\"key\":\"Color\",\"value\":\"Black\"},{\"key\":\"CPU\",\"value\":\"i5 8400\"},{\"key\":\"Ram\",\"value\":\"16\"},{\"key\":\"SSD\",\"value\":\"250 GB\"},{\"key\":\"HDD\",\"value\":\"1TB\"},{\"key\":\"Base Board\",\"value\":\"ASUS Z370\"},{\"key\":\"Type\",\"value\":\"Case\"}]',1,2619,'[]'),(218,9,'کیس','سالم',52800000,'1673944625184','[\"https://shop-cdn.agahpardazan.ir/upload/3347889251596.jpg\",\"https://shop-cdn.agahpardazan.ir/upload/3347889251818.jpg\",\"https://shop-cdn.agahpardazan.ir/upload/3347889251990.jpg\"]','[{\"key\":\"وضعیت\",\"value\":\"کار کرده\"},{\"key\":\"Brand\",\"value\":\"Master Tech\"},{\"key\":\"Color\",\"value\":\"Black\"},{\"key\":\"CPU\",\"value\":\"i5 8400\"},{\"key\":\"Ram\",\"value\":\"16\"},{\"key\":\"SSD\",\"value\":\"250 GB\"},{\"key\":\"HDD\",\"value\":\"1TB\"},{\"key\":\"Base Board\",\"value\":\"ASUS Z370\"},{\"key\":\"Type\",\"value\":\"Case\"}]',1,2603,'[]'),(219,9,'کیس','سالم',52800000,'1673944991800','[\"https://shop-cdn.agahpardazan.ir/upload/3347889984812.jpg\",\"https://shop-cdn.agahpardazan.ir/upload/3347889985042.jpg\",\"https://shop-cdn.agahpardazan.ir/upload/3347889985230.jpg\"]','[{\"key\":\"وضعیت\",\"value\":\"کار کرده\"},{\"key\":\"Brand\",\"value\":\"Master Tech\"},{\"key\":\"Color\",\"value\":\"Black\"},{\"key\":\"CPU\",\"value\":\"i5 8400\"},{\"key\":\"Ram\",\"value\":\"16\"},{\"key\":\"SSD\",\"value\":\"250 GB\"},{\"key\":\"HDD\",\"value\":\"1TB\"},{\"key\":\"Base Board\",\"value\":\"ASUS Z370\"},{\"key\":\"Type\",\"value\":\"Case\"}]',1,2610,'[]'),(220,9,'کیس','سالم',52800000,'1673946554422','[\"https://shop-cdn.agahpardazan.ir/upload/3347893109962.jpg\",\"https://shop-cdn.agahpardazan.ir/upload/3347893110230.jpg\",\"https://shop-cdn.agahpardazan.ir/upload/3347893110528.jpg\"]','[{\"key\":\"وضعیت\",\"value\":\"کار کرده\"},{\"key\":\"Brand\",\"value\":\"Master Tech\"},{\"key\":\"Color\",\"value\":\"Black\"},{\"key\":\"CPU\",\"value\":\"i5 8400\"},{\"key\":\"Ram\",\"value\":\"16\"},{\"key\":\"SSD\",\"value\":\"250 GB\"},{\"key\":\"HDD\",\"value\":\"1TB\"},{\"key\":\"Base Board\",\"value\":\"ASUS Z370\"},{\"key\":\"Type\",\"value\":\"Case\"}]',1,2599,'[]'),(221,9,'کیس','سالم',52800000,'1673946773829','[\"https://shop-cdn.agahpardazan.ir/upload/3347893548906.jpg\",\"https://shop-cdn.agahpardazan.ir/upload/3347893549116.jpg\",\"https://shop-cdn.agahpardazan.ir/upload/3347893549348.jpg\"]','[{\"key\":\"وضعیت\",\"value\":\"کار کرده\"},{\"key\":\"Brand\",\"value\":\"Master Tech\"},{\"key\":\"Color\",\"value\":\"Black\"},{\"key\":\"CPU\",\"value\":\"i5 8400\"},{\"key\":\"Ram\",\"value\":\"16\"},{\"key\":\"SSD\",\"value\":\"250 GB\"},{\"key\":\"HDD\",\"value\":\"1TB\"},{\"key\":\"Base Board\",\"value\":\"ASUS Z370\"},{\"key\":\"Type\",\"value\":\"Case\"}]',1,2723,'[]'),(222,9,'کیس','سالم',52800000,'1673948005161','[\"https://shop-cdn.agahpardazan.ir/upload/3347896011610.jpg\",\"https://shop-cdn.agahpardazan.ir/upload/3347896011802.jpg\",\"https://shop-cdn.agahpardazan.ir/upload/3347896012044.jpg\"]','[{\"key\":\"وضعیت\",\"value\":\"کار کرده\"},{\"key\":\"Brand\",\"value\":\"Master Tech\"},{\"key\":\"Color\",\"value\":\"Black\"},{\"key\":\"CPU\",\"value\":\"i5 8400\"},{\"key\":\"Ram\",\"value\":\"16\"},{\"key\":\"SSD\",\"value\":\"250 GB\"},{\"key\":\"HDD\",\"value\":\"1TB\"},{\"key\":\"Base Board\",\"value\":\"ASUS Z370\"},{\"key\":\"Type\",\"value\":\"Case\"}]',1,2588,'[]'),(223,9,'کیس','سالم',52800000,'1673948272053','[\"https://shop-cdn.agahpardazan.ir/upload/3347896545400.jpg\",\"https://shop-cdn.agahpardazan.ir/upload/3347896545624.jpg\",\"https://shop-cdn.agahpardazan.ir/upload/3347896545854.jpg\"]','[{\"key\":\"وضعیت\",\"value\":\"کار کرده\"},{\"key\":\"Brand\",\"value\":\"Master Tech\"},{\"key\":\"Color\",\"value\":\"Black\"},{\"key\":\"CPU\",\"value\":\"i5 8400\"},{\"key\":\"Ram\",\"value\":\"16\"},{\"key\":\"SSD\",\"value\":\"250 GB\"},{\"key\":\"HDD\",\"value\":\"1TB\"},{\"key\":\"Base Board\",\"value\":\"ASUS Z370\"},{\"key\":\"Type\",\"value\":\"Case\"}]',1,2598,'[]'),(224,9,'کیس','سالم',52800000,'1673951560331','[\"https://shop-cdn.agahpardazan.ir/upload/3347903122004.jpg\",\"https://shop-cdn.agahpardazan.ir/upload/3347903122260.jpg\",\"https://shop-cdn.agahpardazan.ir/upload/3347903122488.jpg\"]','[{\"key\":\"وضعیت\",\"value\":\"کار کرده\"},{\"key\":\"Brand\",\"value\":\"Master Tech\"},{\"key\":\"Color\",\"value\":\"Black\"},{\"key\":\"CPU\",\"value\":\"i5 8400\"},{\"key\":\"Ram\",\"value\":\"16\"},{\"key\":\"SSD\",\"value\":\"250 GB\"},{\"key\":\"HDD\",\"value\":\"1TB\"},{\"key\":\"Base Board\",\"value\":\"ASUS Z370\"},{\"key\":\"Type\",\"value\":\"Case\"}]',1,2595,'[]'),(225,9,'کیس','سالم',52800000,'1673951870833','[\"https://shop-cdn.agahpardazan.ir/upload/3347903743106.jpg\",\"https://shop-cdn.agahpardazan.ir/upload/3347903743334.jpg\",\"https://shop-cdn.agahpardazan.ir/upload/3347903743498.jpg\"]','[{\"key\":\"وضعیت\",\"value\":\"کار کرده\"},{\"key\":\"Brand\",\"value\":\"Master Tech\"},{\"key\":\"Color\",\"value\":\"Black\"},{\"key\":\"CPU\",\"value\":\"i5 8400\"},{\"key\":\"Ram\",\"value\":\"16\"},{\"key\":\"SSD\",\"value\":\"250 GB\"},{\"key\":\"HDD\",\"value\":\"1TB\"},{\"key\":\"Base Board\",\"value\":\"ASUS Z370\"},{\"key\":\"Type\",\"value\":\"Case\"}]',1,2597,'[]'),(226,9,'کیس','سالم',52800000,'1673952201262','[\"https://shop-cdn.agahpardazan.ir/upload/3347904403946.jpg\",\"https://shop-cdn.agahpardazan.ir/upload/3347904404184.jpg\",\"https://shop-cdn.agahpardazan.ir/upload/3347904404372.jpg\"]','[{\"key\":\"وضعیت\",\"value\":\"کار کرده\"},{\"key\":\"Brand\",\"value\":\"Master Tech\"},{\"key\":\"Color\",\"value\":\"Black\"},{\"key\":\"CPU\",\"value\":\"i5 8400\"},{\"key\":\"Ram\",\"value\":\"16\"},{\"key\":\"SSD\",\"value\":\"250 GB\"},{\"key\":\"HDD\",\"value\":\"1TB\"},{\"key\":\"Base Board\",\"value\":\"ASUS Z370\"},{\"key\":\"Type\",\"value\":\"Case\"}]',1,2593,'[]'),(227,9,'کیس','سالم',52800000,'1673952635232','[\"https://shop-cdn.agahpardazan.ir/upload/3347905271928.jpg\",\"https://shop-cdn.agahpardazan.ir/upload/3347905272156.jpg\",\"https://shop-cdn.agahpardazan.ir/upload/3347905272326.jpg\"]','[{\"key\":\"وضعیت\",\"value\":\"کار کرده\"},{\"key\":\"Brand\",\"value\":\"Master Tech\"},{\"key\":\"Color\",\"value\":\"Black\"},{\"key\":\"CPU\",\"value\":\"i5 8400\"},{\"key\":\"Ram\",\"value\":\"16\"},{\"key\":\"SSD\",\"value\":\"250 GB\"},{\"key\":\"Base Board\",\"value\":\"ASUS Z370\"},{\"key\":\"Type\",\"value\":\"Case\"}]',1,2615,'[]'),(228,9,'کیس','سالم',52800000,'1673952862850','[\"https://shop-cdn.agahpardazan.ir/upload/3347905727068.jpg\",\"https://shop-cdn.agahpardazan.ir/upload/3347905727318.jpg\",\"https://shop-cdn.agahpardazan.ir/upload/3347905727564.jpg\"]','[{\"key\":\"وضعیت\",\"value\":\"کار کرده\"},{\"key\":\"Brand\",\"value\":\"Master Tech\"},{\"key\":\"Color\",\"value\":\"Black\"},{\"key\":\"CPU\",\"value\":\"i5 8400\"},{\"key\":\"Ram\",\"value\":\"16\"},{\"key\":\"SSD\",\"value\":\"250 GB\"},{\"key\":\"HDD\",\"value\":\"1TB\"},{\"key\":\"Base Board\",\"value\":\"ASUS Z370\"},{\"key\":\"Type\",\"value\":\"Case\"}]',1,2607,'[]'),(229,9,'کیس','سالم',52800000,'1673953768521','[\"https://shop-cdn.agahpardazan.ir/upload/3347907538462.jpg\",\"https://shop-cdn.agahpardazan.ir/upload/3347907538662.jpg\",\"https://shop-cdn.agahpardazan.ir/upload/3347907538886.jpg\"]','[{\"key\":\"وضعیت\",\"value\":\"کار کرده\"},{\"key\":\"Brand\",\"value\":\"Master Tech\"},{\"key\":\"Color\",\"value\":\"Black\"},{\"key\":\"CPU\",\"value\":\"i5 8400\"},{\"key\":\"Ram\",\"value\":\"16\"},{\"key\":\"SSD\",\"value\":\"250 GB\"},{\"key\":\"HDD\",\"value\":\"1TB\"},{\"key\":\"Base Board\",\"value\":\"ASUS Z370\"},{\"key\":\"Type\",\"value\":\"Case\"}]',1,2612,'[]'),(230,9,'کیس','سالم',52800000,'1673954009892','[\"https://shop-cdn.agahpardazan.ir/upload/3347908021086.jpg\",\"https://shop-cdn.agahpardazan.ir/upload/3347908021448.jpg\",\"https://shop-cdn.agahpardazan.ir/upload/3347908021676.jpg\"]','[{\"key\":\"وضعیت\",\"value\":\"کار کرده\"},{\"key\":\"Brand\",\"value\":\"Master Tech\"},{\"key\":\"Color\",\"value\":\"Black\"},{\"key\":\"CPU\",\"value\":\"i5 8400\"},{\"key\":\"Ram\",\"value\":\"16\"},{\"key\":\"SSD\",\"value\":\"250 GB\"},{\"key\":\"HDD\",\"value\":\"1TB\"},{\"key\":\"Base Board\",\"value\":\"ASUS Z370\"},{\"key\":\"Type\",\"value\":\"Case\"}]',1,2613,'[]'),(231,9,'کیس','سالم',52800000,'1673954295409','[\"https://shop-cdn.agahpardazan.ir/upload/3347908592314.jpg\",\"https://shop-cdn.agahpardazan.ir/upload/3347908592544.jpg\",\"https://shop-cdn.agahpardazan.ir/upload/3347908592730.jpg\"]','[{\"key\":\"وضعیت\",\"value\":\"کار کرده\"},{\"key\":\"Brand\",\"value\":\"Master Tech\"},{\"key\":\"Color\",\"value\":\"Black\"},{\"key\":\"CPU\",\"value\":\"i5 8400\"},{\"key\":\"Ram\",\"value\":\"16\"},{\"key\":\"SSD\",\"value\":\"250 GB\"},{\"key\":\"HDD\",\"value\":\"1TB\"},{\"key\":\"Base Board\",\"value\":\"ASUS Z370\"},{\"key\":\"Type\",\"value\":\"Case\"}]',1,2594,'[]'),(232,9,'کیس','سالم',52800000,'1673954519950','[\"https://shop-cdn.agahpardazan.ir/upload/3347909041294.jpg\",\"https://shop-cdn.agahpardazan.ir/upload/3347909041616.jpg\",\"https://shop-cdn.agahpardazan.ir/upload/3347909041820.jpg\"]','[{\"key\":\"وضعیت\",\"value\":\"کار کرده\"},{\"key\":\"Brand\",\"value\":\"Master Tech\"},{\"key\":\"Color\",\"value\":\"Black\"},{\"key\":\"CPU\",\"value\":\"i5 8400\"},{\"key\":\"Ram\",\"value\":\"16\"},{\"key\":\"SSD\",\"value\":\"250 GB\"},{\"key\":\"HDD\",\"value\":\"1TB\"},{\"key\":\"Base Board\",\"value\":\"ASUS Z370\"},{\"key\":\"Type\",\"value\":\"Case\"}]',1,2586,'[]'),(233,9,'کیس','سالم',52800000,'1673954912600','[\"https://shop-cdn.agahpardazan.ir/upload/3347909826696.jpg\",\"https://shop-cdn.agahpardazan.ir/upload/3347909826930.jpg\",\"https://shop-cdn.agahpardazan.ir/upload/3347909827132.jpg\"]','[{\"key\":\"وضعیت\",\"value\":\"کار کرده\"},{\"key\":\"Brand\",\"value\":\"Master Tech\"},{\"key\":\"Color\",\"value\":\"Black\"},{\"key\":\"CPU\",\"value\":\"i5 8400\"},{\"key\":\"Ram\",\"value\":\"16\"},{\"key\":\"SSD\",\"value\":\"250 GB\"},{\"key\":\"HDD\",\"value\":\"1TB\"},{\"key\":\"Base Board\",\"value\":\"ASUS Z370\"},{\"key\":\"Type\",\"value\":\"Case\"}]',1,2589,'[]'),(234,9,'کیس','سالم',52800000,'1673955396199','[\"https://shop-cdn.agahpardazan.ir/upload/3347910774394.jpg\",\"https://shop-cdn.agahpardazan.ir/upload/3347910777556.jpg\",\"https://shop-cdn.agahpardazan.ir/upload/3347910781880.jpg\",\"https://shop-cdn.agahpardazan.ir/upload/3347910784662.jpg\",\"https://shop-cdn.agahpardazan.ir/upload/3347910794346.jpg\"]','[{\"key\":\"وضعیت\",\"value\":\"کار کرده\"},{\"key\":\"Brand\",\"value\":\"Master Tech\"},{\"key\":\"Color\",\"value\":\"Black\"},{\"key\":\"CPU\",\"value\":\"i5 8400\"},{\"key\":\"Ram\",\"value\":\"16\"},{\"key\":\"SSD\",\"value\":\"250 GB\"},{\"key\":\"HDD\",\"value\":\"1TB\"},{\"key\":\"Base Board\",\"value\":\"ASUS Z370\"},{\"key\":\"Type\",\"value\":\"Case\"}]',1,2608,'[]'),(235,9,'کیس','سالم',52800000,'1673955403891','[\"https://shop-cdn.agahpardazan.ir/upload/3347910774394.jpg\",\"https://shop-cdn.agahpardazan.ir/upload/3347910777556.jpg\",\"https://shop-cdn.agahpardazan.ir/upload/3347910781880.jpg\",\"https://shop-cdn.agahpardazan.ir/upload/3347910784662.jpg\",\"https://shop-cdn.agahpardazan.ir/upload/3347910794346.jpg\",\"https://shop-cdn.agahpardazan.ir/upload/3347910795064.jpg\",\"https://shop-cdn.agahpardazan.ir/upload/3347910795622.jpg\",\"https://shop-cdn.agahpardazan.ir/upload/3347910802152.jpg\",\"https://shop-cdn.agahpardazan.ir/upload/3347910803964.jpg\",\"https://shop-cdn.agahpardazan.ir/upload/3347910808582.jpg\",\"https://shop-cdn.agahpardazan.ir/upload/3347910809622.jpg\"]','[{\"key\":\"وضعیت\",\"value\":\"کار کرده\"},{\"key\":\"Brand\",\"value\":\"Master Tech\"},{\"key\":\"Color\",\"value\":\"Black\"},{\"key\":\"CPU\",\"value\":\"i5 8400\"},{\"key\":\"Ram\",\"value\":\"16\"},{\"key\":\"SSD\",\"value\":\"250 GB\"},{\"key\":\"HDD\",\"value\":\"1TB\"},{\"key\":\"Base Board\",\"value\":\"ASUS Z370\"},{\"key\":\"Type\",\"value\":\"Case\"}]',1,2608,'[]'),(236,9,'کیس','سالم',52800000,'1673955408876','[\"https://shop-cdn.agahpardazan.ir/upload/3347910774394.jpg\",\"https://shop-cdn.agahpardazan.ir/upload/3347910777556.jpg\",\"https://shop-cdn.agahpardazan.ir/upload/3347910781880.jpg\",\"https://shop-cdn.agahpardazan.ir/upload/3347910784662.jpg\",\"https://shop-cdn.agahpardazan.ir/upload/3347910794346.jpg\",\"https://shop-cdn.agahpardazan.ir/upload/3347910795064.jpg\",\"https://shop-cdn.agahpardazan.ir/upload/3347910795622.jpg\",\"https://shop-cdn.agahpardazan.ir/upload/3347910802152.jpg\",\"https://shop-cdn.agahpardazan.ir/upload/3347910803964.jpg\",\"https://shop-cdn.agahpardazan.ir/upload/3347910808582.jpg\",\"https://shop-cdn.agahpardazan.ir/upload/3347910809622.jpg\",\"https://shop-cdn.agahpardazan.ir/upload/3347910813166.jpg\",\"https://shop-cdn.agahpardazan.ir/upload/3347910815448.jpg\",\"https://shop-cdn.agahpardazan.ir/upload/3347910819204.jpg\",\"https://shop-cdn.agahpardazan.ir/upload/3347910819470.jpg\",\"https://shop-cdn.agahpardazan.ir/upload/3347910819708.jpg\"]','[{\"key\":\"وضعیت\",\"value\":\"کار کرده\"},{\"key\":\"Brand\",\"value\":\"Master Tech\"},{\"key\":\"Color\",\"value\":\"Black\"},{\"key\":\"CPU\",\"value\":\"i5 8400\"},{\"key\":\"Ram\",\"value\":\"16\"},{\"key\":\"SSD\",\"value\":\"250 GB\"},{\"key\":\"HDD\",\"value\":\"1TB\"},{\"key\":\"Base Board\",\"value\":\"ASUS Z370\"},{\"key\":\"Type\",\"value\":\"Case\"}]',1,2608,'[]'),(237,9,'کیس','سالم',52800000,'1673956676551','[\"https://shop-cdn.agahpardazan.ir/upload/3347913354502.jpg\",\"https://shop-cdn.agahpardazan.ir/upload/3347913354778.jpg\",\"https://shop-cdn.agahpardazan.ir/upload/3347913355068.jpg\"]','[{\"key\":\"وضعیت\",\"value\":\"کار کرده\"},{\"key\":\"Brand\",\"value\":\"Master Tech\"},{\"key\":\"Color\",\"value\":\"Black\"},{\"key\":\"CPU\",\"value\":\"i5 8400\"},{\"key\":\"Ram\",\"value\":\"16\"},{\"key\":\"SSD\",\"value\":\"250 GB\"},{\"key\":\"HDD\",\"value\":\"1TB\"},{\"key\":\"Base Board\",\"value\":\"ASUS Z370\"},{\"key\":\"Type\",\"value\":\"Case\"}]',1,2591,'[]'),(238,9,'کیس','سالم',52800000,'1673957370453','[\"https://shop-cdn.agahpardazan.ir/upload/3347914742454.jpg\",\"https://shop-cdn.agahpardazan.ir/upload/3347914742656.jpg\",\"https://shop-cdn.agahpardazan.ir/upload/3347914742892.jpg\"]','[{\"key\":\"وضعیت\",\"value\":\"کار کرده\"},{\"key\":\"Brand\",\"value\":\"Master Tech\"},{\"key\":\"Color\",\"value\":\"Black\"},{\"key\":\"CPU\",\"value\":\"i5 8400\"},{\"key\":\"Ram\",\"value\":\"16\"},{\"key\":\"SSD\",\"value\":\"250 GB\"},{\"key\":\"HDD\",\"value\":\"1TB\"},{\"key\":\"Base Board\",\"value\":\"ASUS Z370\"},{\"key\":\"Type\",\"value\":\"Case\"}]',1,2596,'[]'),(239,9,'کیس','سالم',52800000,'1673960148690','[\"https://shop-cdn.agahpardazan.ir/upload/3347920298942.jpg\",\"https://shop-cdn.agahpardazan.ir/upload/3347920299218.jpg\",\"https://shop-cdn.agahpardazan.ir/upload/3347920299438.jpg\"]','[{\"key\":\"وضعیت\",\"value\":\"کار کرده\"},{\"key\":\"Brand\",\"value\":\"Master Tech\"},{\"key\":\"Color\",\"value\":\"Black\"},{\"key\":\"CPU\",\"value\":\"i5 8400\"},{\"key\":\"Ram\",\"value\":\"16\"},{\"key\":\"SSD\",\"value\":\"250 GB\"},{\"key\":\"HDD\",\"value\":\"1TB\"},{\"key\":\"Base Board\",\"value\":\"ASUS Z370\"},{\"key\":\"Type\",\"value\":\"Case\"}]',1,2587,'[]'),(240,9,'کیس','سالم',52800000,'1673960355874','[\"https://shop-cdn.agahpardazan.ir/upload/3347920713170.jpg\",\"https://shop-cdn.agahpardazan.ir/upload/3347920713528.jpg\",\"https://shop-cdn.agahpardazan.ir/upload/3347920713816.jpg\"]','[{\"key\":\"وضعیت\",\"value\":\"کار کرده\"},{\"key\":\"Brand\",\"value\":\"Master Tech\"},{\"key\":\"Color\",\"value\":\"Black\"},{\"key\":\"CPU\",\"value\":\"i5 8400\"},{\"key\":\"Ram\",\"value\":\"16\"},{\"key\":\"SSD\",\"value\":\"250 GB\"},{\"key\":\"HDD\",\"value\":\"1TB\"},{\"key\":\"Base Board\",\"value\":\"ASUS Z370\"},{\"key\":\"Type\",\"value\":\"Case\"}]',1,2584,'[]'),(241,9,'کیس','سالم',52800000,'1673961222554','[\"https://shop-cdn.agahpardazan.ir/upload/3347922446726.jpg\",\"https://shop-cdn.agahpardazan.ir/upload/3347922447010.jpg\",\"https://shop-cdn.agahpardazan.ir/upload/3347922447208.jpg\"]','[{\"key\":\"وضعیت\",\"value\":\"کار کرده\"},{\"key\":\"Brand\",\"value\":\"Master Tech\"},{\"key\":\"Color\",\"value\":\"Black\"},{\"key\":\"CPU\",\"value\":\"i5 8400\"},{\"key\":\"Ram\",\"value\":\"16\"},{\"key\":\"SSD\",\"value\":\"250 GB\"},{\"key\":\"Base Board\",\"value\":\"ASUS Z370\"},{\"key\":\"Type\",\"value\":\"Case\"}]',1,2620,'[]'),(242,9,'کیس','سالم',37700000,'1673961929202','[\"https://shop-cdn.agahpardazan.ir/upload/3347922881054.jpg\",\"https://shop-cdn.agahpardazan.ir/upload/3347922928060.jpg\",\"https://shop-cdn.agahpardazan.ir/upload/3347922943136.jpg\",\"https://shop-cdn.agahpardazan.ir/upload/3347922968128.jpg\",\"https://shop-cdn.agahpardazan.ir/upload/3347923860074.jpg\",\"https://shop-cdn.agahpardazan.ir/upload/3347923860338.jpg\",\"https://shop-cdn.agahpardazan.ir/upload/3347923860524.jpg\"]','[{\"key\":\"وضعیت\",\"value\":\"کار کرده\"},{\"key\":\"Brand\",\"value\":\"Green\"},{\"key\":\"Model\",\"value\":\"Pars evo\"},{\"key\":\"Color\",\"value\":\"Black\"},{\"key\":\"CPU\",\"value\":\"i5 9400\"},{\"key\":\"Ram\",\"value\":\"16\"},{\"key\":\"SSD\",\"value\":\"250 GB\"},{\"key\":\"HDD\",\"value\":\"1TB\"},{\"key\":\"Base Board\",\"value\":\"ASUS Z370\"},{\"key\":\"Type\",\"value\":\"Case\"}]',1,1856,'[]'),(244,9,'کیس','سالم',22700000,'1674024405673','[\"https://shop-cdn.agahpardazan.ir/upload/3348048811828.jpg\",\"https://shop-cdn.agahpardazan.ir/upload/3348048812060.jpg\",\"https://shop-cdn.agahpardazan.ir/upload/3348048812246.jpg\"]','[{\"key\":\"وضعیت\",\"value\":\"کار کرده\"},{\"key\":\"Brand\",\"value\":\"Deep Cool\"},{\"key\":\"Color\",\"value\":\"Black\"},{\"key\":\"CPU\",\"value\":\"i5 6600k\"},{\"key\":\"Ram\",\"value\":\"8\"},{\"key\":\"SSD\",\"value\":\"250 GB\"},{\"key\":\"Base Board\",\"value\":\"ASUS Z170 PRO G\"},{\"key\":\"Type\",\"value\":\"Case\"}]',1,4179,'[]'),(245,9,'کیس','سالم',12300000,'1674024714512','[\"https://shop-cdn.agahpardazan.ir/upload/3348049429408.jpg\",\"https://shop-cdn.agahpardazan.ir/upload/3348049429676.jpg\",\"https://shop-cdn.agahpardazan.ir/upload/3348049429854.jpg\"]','[{\"key\":\"وضعیت\",\"value\":\"کار کرده\"},{\"key\":\"Brand\",\"value\":\"Green\"},{\"key\":\"Model\",\"value\":\"Pars\"},{\"key\":\"Color\",\"value\":\"Black\"},{\"key\":\"CPU\",\"value\":\"i5 4460\"},{\"key\":\"Ram\",\"value\":\"8\"},{\"key\":\"SSD\",\"value\":\"250 GB\"},{\"key\":\"Base Board\",\"value\":\"ASUS H81M\"},{\"key\":\"Type\",\"value\":\"Case\"}]',1,4136,'[]'),(246,9,'کیس','سالم',2900000,'1674025517040','[\"https://shop-cdn.agahpardazan.ir/upload/3348051034340.jpg\",\"https://shop-cdn.agahpardazan.ir/upload/3348051034548.jpg\",\"https://shop-cdn.agahpardazan.ir/upload/3348051034740.jpg\"]','[{\"key\":\"وضعیت\",\"value\":\"کار کرده\"},{\"key\":\"Brand\",\"value\":\"Green\"},{\"key\":\"Model\",\"value\":\"Pars\"},{\"key\":\"Color\",\"value\":\"Black\"},{\"key\":\"CPU\",\"value\":\"i5 4440\"},{\"key\":\"Ram\",\"value\":\"16\"},{\"key\":\"SSD\",\"value\":\"250 GB\"},{\"key\":\"Base Board\",\"value\":\"ASUS H97 Plus\"},{\"key\":\"Type\",\"value\":\"Case\"}]',1,4132,'[]'),(247,9,'کیس','سالم',37700000,'1674026160696','[\"https://shop-cdn.agahpardazan.ir/upload/3348052321516.jpg\",\"https://shop-cdn.agahpardazan.ir/upload/3348052321758.jpg\",\"https://shop-cdn.agahpardazan.ir/upload/3348052321962.jpg\"]','[{\"key\":\"وضعیت\",\"value\":\"کار کرده\"},{\"key\":\"Brand\",\"value\":\"Green\"},{\"key\":\"Model\",\"value\":\"Pars\"},{\"key\":\"Color\",\"value\":\"Black\"},{\"key\":\"CPU\",\"value\":\"i5 4440\"},{\"key\":\"Ram\",\"value\":\"16\"},{\"key\":\"SSD\",\"value\":\"250 GB\"},{\"key\":\"Base Board\",\"value\":\"ASUS H97 Plus\"},{\"key\":\"Type\",\"value\":\"Case\"}]',1,1855,'[]'),(248,9,'کیس','سالم',800000,'1674026572942','[\"https://shop-cdn.agahpardazan.ir/upload/3348053145914.jpg\",\"https://shop-cdn.agahpardazan.ir/upload/3348053146214.jpg\",\"https://shop-cdn.agahpardazan.ir/upload/3348053146394.jpg\"]','[{\"key\":\"وضعیت\",\"value\":\"کار کرده\"},{\"key\":\"Brand\",\"value\":\"Green\"},{\"key\":\"Model\",\"value\":\"Wee\"},{\"key\":\"Color\",\"value\":\"Black\"},{\"key\":\"CPU\",\"value\":\"Pentium G2030\"},{\"key\":\"Ram\",\"value\":\"8\"},{\"key\":\"HDD\",\"value\":\"500 GB\"},{\"key\":\"Base Board\",\"value\":\"ASUS H61M-C\"},{\"key\":\"Type\",\"value\":\"Case\"}]',1,4134,'[]'),(249,9,'کیس','سالم',15400000,'1674028198396','[\"https://shop-cdn.agahpardazan.ir/upload/3348056396766.jpg\",\"https://shop-cdn.agahpardazan.ir/upload/3348056396960.jpg\",\"https://shop-cdn.agahpardazan.ir/upload/3348056397166.jpg\"]','[{\"key\":\"وضعیت\",\"value\":\"کار کرده\"},{\"key\":\"Brand\",\"value\":\"Green\"},{\"key\":\"Model\",\"value\":\"Pars\"},{\"key\":\"Color\",\"value\":\"Black\"},{\"key\":\"CPU\",\"value\":\"i5 4460\"},{\"key\":\"Ram\",\"value\":\"32\"},{\"key\":\"SSD\",\"value\":\"250 GB\"},{\"key\":\"Base Board\",\"value\":\"ASUS H97 Plus\"},{\"key\":\"Type\",\"value\":\"Case\"}]',1,4156,'[]'),(250,9,'کیس','سالم',4500000,'1674028413208','[\"https://shop-cdn.agahpardazan.ir/upload/3348056826336.jpg\",\"https://shop-cdn.agahpardazan.ir/upload/3348056826602.jpg\",\"https://shop-cdn.agahpardazan.ir/upload/3348056826786.jpg\"]','[{\"key\":\"وضعیت\",\"value\":\"کار کرده\"},{\"key\":\"Brand\",\"value\":\"Green\"},{\"key\":\"Model\",\"value\":\"Pars\"},{\"key\":\"Color\",\"value\":\"Black\"},{\"key\":\"CPU\",\"value\":\"Pentium G2030\"},{\"key\":\"Ram\",\"value\":\"8\"},{\"key\":\"SSD\",\"value\":\"250 GB\"},{\"key\":\"Base Board\",\"value\":\"ASUS H61M-C\"},{\"key\":\"Type\",\"value\":\"Case\"}]',1,4131,'[]'),(251,24,'شلف','یک کفی قفسه ندارد',1000000,'1674028870716','[\"https://shop-cdn.agahpardazan.ir/upload/3348057741412.jpg\",\"https://shop-cdn.agahpardazan.ir/upload/3348057741614.jpg\",\"https://shop-cdn.agahpardazan.ir/upload/3348057741788.jpg\"]','[{\"key\":\"وضعیت\",\"value\":\"کار کرده\"}]',1,5872,'[]'),(252,7,'هدست','سالم',1000000,'1674030198867','[\"https://shop-cdn.agahpardazan.ir/upload/3348060397530.jpg\",\"https://shop-cdn.agahpardazan.ir/upload/3348060397836.jpg\",\"https://shop-cdn.agahpardazan.ir/upload/3348060398054.jpg\"]','[{\"key\":\"وضعیت\",\"value\":\"کار کرده\"}]',1,5913,'[]'),(253,7,'هدست','سالم',5914,'1674030363551','[\"https://shop-cdn.agahpardazan.ir/upload/3348060726904.jpg\",\"https://shop-cdn.agahpardazan.ir/upload/3348060727200.jpg\",\"https://shop-cdn.agahpardazan.ir/upload/3348060727424.jpg\"]','[{\"key\":\"وضعیت\",\"value\":\"کار کرده\"}]',1,1000000,'[]'),(254,7,'هدست','سالم',1000000,'1674030412726','[\"https://shop-cdn.agahpardazan.ir/upload/3348060825138.jpg\",\"https://shop-cdn.agahpardazan.ir/upload/3348060825478.jpg\",\"https://shop-cdn.agahpardazan.ir/upload/3348060825756.jpg\"]','[{\"key\":\"وضعیت\",\"value\":\"کار کرده\"}]',1,5915,'[]'),(255,7,'هدست','سالم',1000000,'1674030469579','[\"https://shop-cdn.agahpardazan.ir/upload/3348060938952.jpg\",\"https://shop-cdn.agahpardazan.ir/upload/3348060939242.jpg\",\"https://shop-cdn.agahpardazan.ir/upload/3348060939484.jpg\"]','[{\"key\":\"وضعیت\",\"value\":\"کار کرده\"}]',1,5916,'[]'),(256,7,'هدست','سالم',1000000,'1674030524028','[\"https://shop-cdn.agahpardazan.ir/upload/3348061047878.jpg\",\"https://shop-cdn.agahpardazan.ir/upload/3348061048144.jpg\",\"https://shop-cdn.agahpardazan.ir/upload/3348061048382.jpg\"]','[{\"key\":\"وضعیت\",\"value\":\"کار کرده\"}]',1,5917,'[]'),(257,8,'لپ تاپ','سالم',28000000,'1674042287269','[\"https://shop-cdn.agahpardazan.ir/upload/3348084574056.jpg\",\"https://shop-cdn.agahpardazan.ir/upload/3348084574424.jpg\",\"https://shop-cdn.agahpardazan.ir/upload/3348084575024.jpg\"]','[{\"key\":\"وضعیت\",\"value\":\"کار کرده\"},{\"key\":\"Brand\",\"value\":\"Lenovo\"},{\"key\":\"Model\",\"value\":\"E580\"},{\"key\":\"Color\",\"value\":\"Black\"},{\"key\":\"CPU\",\"value\":\"i7 8550U\"},{\"key\":\"Ram\",\"value\":\"24\"},{\"key\":\"SSD\",\"value\":\"500 GB\"},{\"key\":\"Base Board\",\"value\":\"LENOVO 20k\"},{\"key\":\"Type\",\"value\":\"LapTop\"}]',1,5638,'[]'),(258,8,'لپ تاپ','سالم',20000000,'1674042612094','[\"https://shop-cdn.agahpardazan.ir/upload/3348085224270.jpg\",\"https://shop-cdn.agahpardazan.ir/upload/3348085224478.jpg\",\"https://shop-cdn.agahpardazan.ir/upload/3348085224702.jpg\"]','[{\"key\":\"وضعیت\",\"value\":\"کار کرده\"},{\"key\":\"Brand\",\"value\":\"Lenovo\"},{\"key\":\"Model\",\"value\":\"310\"},{\"key\":\"Color\",\"value\":\"Black\"},{\"key\":\"CPU\",\"value\":\"i5 7200U\"},{\"key\":\"Ram\",\"value\":\"8\"},{\"key\":\"SSD\",\"value\":\"250 GB\"},{\"key\":\"Base Board\",\"value\":\"LENOVO\"},{\"key\":\"Type\",\"value\":\"LapTop\"}]',1,5644,'[]'),(259,8,'لپ تاپ','سالم',24000000,'1674042904986','[\"https://shop-cdn.agahpardazan.ir/upload/3348085809678.jpg\",\"https://shop-cdn.agahpardazan.ir/upload/3348085810164.jpg\",\"https://shop-cdn.agahpardazan.ir/upload/3348085810502.jpg\"]','[{\"key\":\"وضعیت\",\"value\":\"کار کرده\"},{\"key\":\"Brand\",\"value\":\"Lenovo\"},{\"key\":\"Model\",\"value\":\"310\"},{\"key\":\"Color\",\"value\":\"Black\"},{\"key\":\"CPU\",\"value\":\"i5 7200U\"},{\"key\":\"Ram\",\"value\":\"8\"},{\"key\":\"SSD\",\"value\":\"500 GB\"},{\"key\":\"Base Board\",\"value\":\"LENOVO\"},{\"key\":\"Type\",\"value\":\"LapTop\"}]',1,5646,'[]'),(260,8,'لپ تاپ','سالم',28000000,'1674043070135','[\"https://shop-cdn.agahpardazan.ir/upload/3348086140242.jpg\",\"https://shop-cdn.agahpardazan.ir/upload/3348086140566.jpg\",\"https://shop-cdn.agahpardazan.ir/upload/3348086140806.jpg\"]','[{\"key\":\"وضعیت\",\"value\":\"کار کرده\"},{\"key\":\"Brand\",\"value\":\"Lenovo\"},{\"key\":\"Model\",\"value\":\"E560\"},{\"key\":\"Color\",\"value\":\"Black\"},{\"key\":\"CPU\",\"value\":\"i7 6500U\"},{\"key\":\"Ram\",\"value\":\"12\"},{\"key\":\"SSD\",\"value\":\"250 GB\"},{\"key\":\"Base Board\",\"value\":\"LENOVO\"},{\"key\":\"Type\",\"value\":\"LapTop\"}]',1,5649,'[]'),(261,8,'لپ تاپ','سالم',28000000,'1674043491643','[\"https://shop-cdn.agahpardazan.ir/upload/3348086983176.jpg\",\"https://shop-cdn.agahpardazan.ir/upload/3348086983486.jpg\",\"https://shop-cdn.agahpardazan.ir/upload/3348086983834.jpg\"]','[{\"key\":\"وضعیت\",\"value\":\"کار کرده\"},{\"key\":\"Brand\",\"value\":\"Lenovo\"},{\"key\":\"Model\",\"value\":\"530S\"},{\"key\":\"Color\",\"value\":\"Black\"},{\"key\":\"CPU\",\"value\":\"i7 8550U\"},{\"key\":\"Ram\",\"value\":\"16\"},{\"key\":\"SSD\",\"value\":\"500 GB\"},{\"key\":\"Base Board\",\"value\":\"LENOVO\"},{\"key\":\"Type\",\"value\":\"LapTop\"}]',1,5653,'[]'),(262,8,'لپ تاپ','سالم',20000000,'1674043723681','[\"https://shop-cdn.agahpardazan.ir/upload/3348087447352.jpg\",\"https://shop-cdn.agahpardazan.ir/upload/3348087447642.jpg\",\"https://shop-cdn.agahpardazan.ir/upload/3348087447918.jpg\"]','[{\"key\":\"وضعیت\",\"value\":\"کار کرده\"},{\"key\":\"Brand\",\"value\":\"Lenovo\"},{\"key\":\"Model\",\"value\":\"E550\"},{\"key\":\"Color\",\"value\":\"Black\"},{\"key\":\"CPU\",\"value\":\"i3 4005U\"},{\"key\":\"Ram\",\"value\":\"4\"},{\"key\":\"SSD\",\"value\":\"500 GB\"},{\"key\":\"Base Board\",\"value\":\"LENOVO\"},{\"key\":\"Type\",\"value\":\"LapTop\"}]',1,5659,'[]'),(263,9,'کیس','سالم',52800000,'1674044269030','[\"https://shop-cdn.agahpardazan.ir/upload/3348088537948.jpg\",\"https://shop-cdn.agahpardazan.ir/upload/3348088538312.jpg\",\"https://shop-cdn.agahpardazan.ir/upload/3348088538628.jpg\"]','[{\"key\":\"وضعیت\",\"value\":\"کار کرده\"},{\"key\":\"Brand\",\"value\":\"Master Tech\"},{\"key\":\"Color\",\"value\":\"Black\"},{\"key\":\"CPU\",\"value\":\"i5 8400\"},{\"key\":\"Ram\",\"value\":\"16\"},{\"key\":\"SSD\",\"value\":\"250 GB\"},{\"key\":\"HDD\",\"value\":\"1TB\"},{\"key\":\"Base Board\",\"value\":\"ASUS Z370\"},{\"key\":\"Type\",\"value\":\"Case\"}]',1,2580,'[]'),(264,9,'کیس','سالم',15000000,'1674044552332','[\"https://shop-cdn.agahpardazan.ir/upload/3348089104696.jpg\",\"https://shop-cdn.agahpardazan.ir/upload/3348089104906.jpg\",\"https://shop-cdn.agahpardazan.ir/upload/3348089105238.jpg\"]','[{\"key\":\"وضعیت\",\"value\":\"کار کرده\"},{\"key\":\"Brand\",\"value\":\"Work station\"},{\"key\":\"Model\",\"value\":\"z230\"},{\"key\":\"Color\",\"value\":\"Black\"},{\"key\":\"CPU\",\"value\":\"Xeon E3-1226\"},{\"key\":\"Ram\",\"value\":\"16\"},{\"key\":\"SSD\",\"value\":\"250 GB\"},{\"key\":\"HDD\",\"value\":\"1TB\"},{\"key\":\"Base Board\",\"value\":\"Hewlett 1905\"},{\"key\":\"Type\",\"value\":\"Case\"}]',1,4239,'[]'),(265,9,'کیس','سالم',22700000,'1674044849393','[\"https://shop-cdn.agahpardazan.ir/upload/3348089698786.jpg\",\"https://shop-cdn.agahpardazan.ir/upload/3348089699122.jpg\",\"https://shop-cdn.agahpardazan.ir/upload/3348089699378.jpg\"]','[{\"key\":\"وضعیت\",\"value\":\"کار کرده\"},{\"key\":\"Brand\",\"value\":\"Deep Cool\"},{\"key\":\"Color\",\"value\":\"Black\"},{\"key\":\"CPU\",\"value\":\"i5 6600k\"},{\"key\":\"Ram\",\"value\":\"16\"},{\"key\":\"SSD\",\"value\":\"250 GB\"},{\"key\":\"HDD\",\"value\":\"1TB\"},{\"key\":\"Base Board\",\"value\":\"ASUS Z170 PRO G\"},{\"key\":\"Type\",\"value\":\"Case\"}]',1,4178,'[]'),(267,8,'لپ تاپ','موس پد و موس وسط خرابه',20000000,'1674044924726','[\"https://shop-cdn.agahpardazan.ir/upload/3348089848114.jpg\",\"https://shop-cdn.agahpardazan.ir/upload/3348089848338.jpg\",\"https://shop-cdn.agahpardazan.ir/upload/3348089848594.jpg\",\"https://shop-cdn.agahpardazan.ir/upload/3348089848896.jpg\",\"https://shop-cdn.agahpardazan.ir/upload/3348089849266.jpg\",\"https://shop-cdn.agahpardazan.ir/upload/3348089849990.jpg\"]','[{\"key\":\"وضعیت\",\"value\":\"کار کرده\"},{\"key\":\"Brand\",\"value\":\"lenovo\"},{\"key\":\"Ram\",\"value\":\"4GB\"},{\"key\":\"HDD\",\"value\":\"100 \"},{\"key\":\"Type\",\"value\":\"LapTop\"},{\"key\":\"CPU\",\"value\":\" i3 6006U\"}]',1,5673,'[]'),(268,9,'لپ تاپ','سالم',24000000,'1674046521616','[\"https://shop-cdn.agahpardazan.ir/upload/3348093043458.jpg\",\"https://shop-cdn.agahpardazan.ir/upload/3348093043676.jpg\",\"https://shop-cdn.agahpardazan.ir/upload/3348093043868.jpg\"]','[{\"key\":\"وضعیت\",\"value\":\"کار کرده\"},{\"key\":\"Brand\",\"value\":\"Lenovo\"},{\"key\":\"Model\",\"value\":\"310\"},{\"key\":\"Color\",\"value\":\"Black\"},{\"key\":\"CPU\",\"value\":\"i5 7200U\"},{\"key\":\"Ram\",\"value\":\"8\"},{\"key\":\"SSD\",\"value\":\"120GB\"},{\"key\":\"Base Board\",\"value\":\"LENOVO\"},{\"key\":\"Type\",\"value\":\"LapTop\"}]',1,5676,'[]'),(269,8,'لپ تاپ','سالم',24000000,'1674046843973','[\"https://shop-cdn.agahpardazan.ir/upload/3348093688178.jpg\",\"https://shop-cdn.agahpardazan.ir/upload/3348093688384.jpg\",\"https://shop-cdn.agahpardazan.ir/upload/3348093688592.jpg\"]','[{\"key\":\"وضعیت\",\"value\":\"کار کرده\"},{\"key\":\"Brand\",\"value\":\"Lenovo\"},{\"key\":\"Model\",\"value\":\"310\"},{\"key\":\"Color\",\"value\":\"Black\"},{\"key\":\"CPU\",\"value\":\"i5 6200U\"},{\"key\":\"Ram\",\"value\":\"4\"},{\"key\":\"SSD\",\"value\":\"500 GB\"},{\"key\":\"Base Board\",\"value\":\"LENOVO\"},{\"key\":\"Type\",\"value\":\"LapTop\"}]',1,5680,'[]'),(270,8,'لپ تاپ','سالم',20000000,'1674047812637','[\"https://shop-cdn.agahpardazan.ir/upload/3348095625410.jpg\",\"https://shop-cdn.agahpardazan.ir/upload/3348095625710.jpg\",\"https://shop-cdn.agahpardazan.ir/upload/3348095625940.jpg\"]','[{\"key\":\"وضعیت\",\"value\":\"کار کرده\"},{\"key\":\"Brand\",\"value\":\"Lenovo\"},{\"key\":\"Model\",\"value\":\"320\"},{\"key\":\"Color\",\"value\":\"Black\"},{\"key\":\"CPU\",\"value\":\"i5 4300m\"},{\"key\":\"Ram\",\"value\":\"8\"},{\"key\":\"SSD\",\"value\":\"500 GB\"},{\"key\":\"Base Board\",\"value\":\"LENOVO 20C\"},{\"key\":\"Type\",\"value\":\"LapTop\"}]',1,5683,'[]'),(271,8,'لپ تاپ','سالم',20000000,'1674048393494','[\"https://shop-cdn.agahpardazan.ir/upload/3348096787144.jpg\",\"https://shop-cdn.agahpardazan.ir/upload/3348096787340.jpg\",\"https://shop-cdn.agahpardazan.ir/upload/3348096787670.jpg\"]','[{\"key\":\"وضعیت\",\"value\":\"کار کرده\"},{\"key\":\"Brand\",\"value\":\"Lenovo\"},{\"key\":\"CPU\",\"value\":\"core i7 8550U\"},{\"key\":\"Ram\",\"value\":\"16GB\"},{\"key\":\"HDD\",\"value\":\"500\"},{\"key\":\"Model\",\"value\":\"ideapad 530S\"}]',1,5695,'[]'),(272,8,'لپ تاپ','سالم',20000000,'1674049360301','[\"https://shop-cdn.agahpardazan.ir/upload/3348098720744.jpg\",\"https://shop-cdn.agahpardazan.ir/upload/3348098721040.jpg\",\"https://shop-cdn.agahpardazan.ir/upload/3348098721298.jpg\"]','[{\"key\":\"وضعیت\",\"value\":\"کار کرده\"},{\"key\":\"Brand\",\"value\":\"Lenovo\"},{\"key\":\"Model\",\"value\":\"E550\"},{\"key\":\"Color\",\"value\":\"Black\"},{\"key\":\"CPU\",\"value\":\"i3 4005U\"},{\"key\":\"Ram\",\"value\":\"4\"},{\"key\":\"SSD\",\"value\":\"500 GB\"},{\"key\":\"Base Board\",\"value\":\"LENOVO 20D\"},{\"key\":\"Type\",\"value\":\"LapTop\"}]',1,5721,'[]'),(273,8,'لپ تاپ','سالم',20000000,'1674049564466','[\"https://shop-cdn.agahpardazan.ir/upload/3348099129144.jpg\",\"https://shop-cdn.agahpardazan.ir/upload/3348099129350.jpg\",\"https://shop-cdn.agahpardazan.ir/upload/3348099129576.jpg\"]','[{\"key\":\"وضعیت\",\"value\":\"کار کرده\"},{\"key\":\"Brand\",\"value\":\"Lenovo\"},{\"key\":\"Model\",\"value\":\"300\"},{\"key\":\"Color\",\"value\":\"Black\"},{\"key\":\"CPU\",\"value\":\"Pentium N3710\"},{\"key\":\"Ram\",\"value\":\"4\"},{\"key\":\"SSD\",\"value\":\"500 GB\"},{\"key\":\"Base Board\",\"value\":\"LENOVO\"},{\"key\":\"Type\",\"value\":\"LapTop\"}]',1,5722,'[]'),(274,8,'لپ تاپ','سالم',28000000,'1674049980347','[\"https://shop-cdn.agahpardazan.ir/upload/3348099960808.jpg\",\"https://shop-cdn.agahpardazan.ir/upload/3348099960998.jpg\",\"https://shop-cdn.agahpardazan.ir/upload/3348099961400.jpg\"]','[{\"key\":\"وضعیت\",\"value\":\"کار کرده\"},{\"key\":\"Brand\",\"value\":\"Lenovo\"},{\"key\":\"Model\",\"value\":\"530S\"},{\"key\":\"Color\",\"value\":\"Black\"},{\"key\":\"CPU\",\"value\":\"i7 8550U\"},{\"key\":\"Ram\",\"value\":\"16\"},{\"key\":\"SSD\",\"value\":\"500 GB\"},{\"key\":\"Base Board\",\"value\":\"LENOVO\"},{\"key\":\"Type\",\"value\":\"LapTop\"}]',1,5728,'[]'),(275,8,'لپ تاپ','یک پورت یو اس بی خراب است',20000000,'1674050436610','[\"https://shop-cdn.agahpardazan.ir/upload/3348100873454.jpg\",\"https://shop-cdn.agahpardazan.ir/upload/3348100873660.jpg\",\"https://shop-cdn.agahpardazan.ir/upload/3348100873958.jpg\"]','[{\"key\":\"وضعیت\",\"value\":\"کار کرده\"},{\"key\":\"Brand\",\"value\":\"lenovo\"},{\"key\":\"Model\",\"value\":\"tinkpad e550\"},{\"key\":\"Color\",\"value\":\"Black\"},{\"key\":\"CPU\",\"value\":\"core i3 5005u\"},{\"key\":\"Ram\",\"value\":\"8GB\"},{\"key\":\"HDD\",\"value\":\"500\"}]',1,5748,'[]'),(276,8,'لپ تاپ','سالم',20000000,'1674054352462','[\"https://shop-cdn.agahpardazan.ir/upload/3348108705346.jpg\",\"https://shop-cdn.agahpardazan.ir/upload/3348108705534.jpg\",\"https://shop-cdn.agahpardazan.ir/upload/3348108705720.jpg\"]','[{\"key\":\"وضعیت\",\"value\":\"کار کرده\"},{\"key\":\"Brand\",\"value\":\"Lenovo\"},{\"key\":\"Model\",\"value\":\"300\"},{\"key\":\"Color\",\"value\":\"Black\"},{\"key\":\"CPU\",\"value\":\"Pentium N3710\"},{\"key\":\"Ram\",\"value\":\"4\"},{\"key\":\"HDD\",\"value\":\"500 GB\"},{\"key\":\"Base Board\",\"value\":\"LENOVO\"},{\"key\":\"Type\",\"value\":\"LapTop\"}]',1,5762,'[]');
/*!40000 ALTER TABLE `Products` ENABLE KEYS */;
UNLOCK TABLES;

--
-- Table structure for table `Settings`
--

DROP TABLE IF EXISTS `Settings`;
/*!40101 SET @saved_cs_client     = @@character_set_client */;
/*!50503 SET character_set_client = utf8mb4 */;
CREATE TABLE `Settings` (
  `id` int NOT NULL AUTO_INCREMENT,
  `name` varchar(1000) NOT NULL,
  `value` varchar(1000) NOT NULL,
  PRIMARY KEY (`id`)
) ENGINE=InnoDB AUTO_INCREMENT=3 DEFAULT CHARSET=utf8mb4 COLLATE=utf8mb4_0900_ai_ci;
/*!40101 SET character_set_client = @saved_cs_client */;

--
-- Dumping data for table `Settings`
--

LOCK TABLES `Settings` WRITE;
/*!40000 ALTER TABLE `Settings` DISABLE KEYS */;
INSERT INTO `Settings` VALUES (1,'RegisterTime','{\"start\":1670369643000,\"end\":1702247344000}'),(2,'test','[]');
/*!40000 ALTER TABLE `Settings` ENABLE KEYS */;
UNLOCK TABLES;

--
-- Table structure for table `Suggestions`
--

DROP TABLE IF EXISTS `Suggestions`;
/*!40101 SET @saved_cs_client     = @@character_set_client */;
/*!50503 SET character_set_client = utf8mb4 */;
CREATE TABLE `Suggestions` (
  `id` int NOT NULL AUTO_INCREMENT,
  `User_id` int NOT NULL,
  `Product_id` int NOT NULL,
  `Price` varchar(1000) NOT NULL,
  `Date` varchar(1000) NOT NULL,
  PRIMARY KEY (`id`)
) ENGINE=InnoDB AUTO_INCREMENT=11 DEFAULT CHARSET=utf8mb4 COLLATE=utf8mb4_0900_ai_ci;
/*!40101 SET character_set_client = @saved_cs_client */;

--
-- Dumping data for table `Suggestions`
--

LOCK TABLES `Suggestions` WRITE;
/*!40000 ALTER TABLE `Suggestions` DISABLE KEYS */;
INSERT INTO `Suggestions` VALUES (8,1,32,'23560','1670342780023'),(9,1,31,'234567','1670371365406'),(10,2,31,'2345678','1670372182866');
/*!40000 ALTER TABLE `Suggestions` ENABLE KEYS */;
UNLOCK TABLES;

--
-- Table structure for table `Users`
--

DROP TABLE IF EXISTS `Users`;
/*!40101 SET @saved_cs_client     = @@character_set_client */;
/*!50503 SET character_set_client = utf8mb4 */;
CREATE TABLE `Users` (
  `id` int NOT NULL AUTO_INCREMENT,
  `username` varchar(100) NOT NULL,
  `email` varchar(100) NOT NULL,
  `password` varchar(1000) NOT NULL,
  `acl` int NOT NULL,
  `profile` varchar(10000) DEFAULT NULL,
  `firstname` varchar(100) DEFAULT NULL,
  `lastname` varchar(100) DEFAULT NULL,
  `phonenumber` varchar(100) NOT NULL DEFAULT '',
  `ldp` tinyint(1) NOT NULL DEFAULT '0',
  `lastLogin` varchar(1000) NOT NULL,
  `firstLogin` varchar(1000) NOT NULL,
  PRIMARY KEY (`id`)
) ENGINE=InnoDB AUTO_INCREMENT=21 DEFAULT CHARSET=utf8mb4 COLLATE=utf8mb4_0900_ai_ci;
/*!40101 SET character_set_client = @saved_cs_client */;

--
-- Dumping data for table `Users`
--

LOCK TABLES `Users` WRITE;
/*!40000 ALTER TABLE `Users` DISABLE KEYS */;
INSERT INTO `Users` VALUES (1,'admin','admin@admin.com','Waezakmi2',1,NULL,'ادمین',NULL,'',0,'1674036156445','1610398420320'),(2,'admin2','admin2@admin.com','admin',0,NULL,'محمد','رضایی','',0,'1673349084445',''),(8,'mahdi.nemati@divar.ir','mahdi.nemati@divar.ir','1669204686989',1,NULL,'مهدی','نعمتی','09039949937',1,'1674126314454','1670317819989'),(9,'masoumeh.ahangari@divar.ir','masoumeh.ahangari@divar.ir','1669204859369',0,NULL,'معصومه','آهنگری','',1,'1670764849527',''),(10,'masoumeh@divar.ir','masoumeh@divar.ir','1669205004305',0,NULL,NULL,NULL,'',1,'',''),(11,'authentication@divar.ir','authentication@divar.ir','1669205043696',0,NULL,NULL,NULL,'',1,'',''),(12,'masoud.sajjad@divar.ir','masoud.sajjad@divar.ir','1669205833667',0,NULL,'مسعود','سجاد','',1,'',''),(13,'behnam.rajabpour@divar.ir','behnam.rajabpour@divar.ir','1670766547495',1,NULL,NULL,NULL,'',1,'1674044979757','1670766547495'),(14,'mehdi.khajevand@divar.ir','mehdi.khajevand@divar.ir','1670768847706',0,NULL,NULL,NULL,'',1,'1670768847706','1670768847706'),(15,'mansour.hasanzadeh@divar.ir','mansour.hasanzadeh@divar.ir','1670774604562',0,NULL,NULL,NULL,'',1,'1671255880494','1670774604562'),(16,'danial.erfanian@divar.ir','danial.erfanian@divar.ir','1673338540868',0,NULL,NULL,NULL,'',1,'1673338540868','1673338540868'),(17,'elahe.fatahinezhad@divar.ir','elahe.fatahinezhad@divar.ir','1673346034216',1,NULL,NULL,NULL,'',1,'1674048892165','1673346034216'),(18,'Omid.Rasouli@divar.ir','Omid.Rasouli@divar.ir','1673346109974',0,NULL,NULL,NULL,'',1,'1674051301083','1673346109974'),(19,'ali.tavakoli@divar.ir','ali.tavakoli@divar.ir','1673958268229',0,NULL,NULL,NULL,'',1,'1673967953441','1673958268229'),(20,'ashkan@divar.ir','ashkan@divar.ir','1674235134458',0,NULL,NULL,NULL,'',1,'1674235134458','1674235134458');
/*!40000 ALTER TABLE `Users` ENABLE KEYS */;
UNLOCK TABLES;
/*!40103 SET TIME_ZONE=@OLD_TIME_ZONE */;

/*!40101 SET SQL_MODE=@OLD_SQL_MODE */;
/*!40014 SET FOREIGN_KEY_CHECKS=@OLD_FOREIGN_KEY_CHECKS */;
/*!40014 SET UNIQUE_CHECKS=@OLD_UNIQUE_CHECKS */;
/*!40101 SET CHARACTER_SET_CLIENT=@OLD_CHARACTER_SET_CLIENT */;
/*!40101 SET CHARACTER_SET_RESULTS=@OLD_CHARACTER_SET_RESULTS */;
/*!40101 SET COLLATION_CONNECTION=@OLD_COLLATION_CONNECTION */;
/*!40111 SET SQL_NOTES=@OLD_SQL_NOTES */;

-- Dump completed on 2023-01-20 22:25:40
